RECORD_ID,TIMESTAMP,CALLING_NUM,CALLED_NUM,CALL_TYPE,DURATION_SEC,CALLER_IMSI,CALLER_IMEI,CALLER_MNO,BTS_ID,CELL_ID,LAC,STATUS
CDR-SUB-220024,2026-05-24T23:31:32.451178,+916026809904,+916318903853,SMS,0,405840747639583,864382046896327,Jio,BTS-MUM-007,99315,1001,SUCCESS
CDR-SUB-940248,2026-05-24T23:29:31.451178,+919204600776,+919013855207,VOICE,170,405457573697035,359028096612955,Airtel,BTS-MUM-002,20960,1000,SUCCESS
CDR-SUB-282867,2026-05-24T23:39:57.451178,+919276513825,+917895494009,SMS,0,405840102762415,868203046696192,Jio,BTS-MUM-007,99315,1001,SUCCESS
CDR-SUB-778105,2026-05-24T23:43:01.451178,+917514757104,+919006057141,SMS,0,405840659060962,351657114979893,Jio,BTS-MUM-013,96156,1002,SUCCESS
CDR-SUB-289299,2026-05-24T23:40:57.451178,+917820984601,+916979618151,SMS,0,405189034500367,864382041058261,Vodafone_Idea,BTS-MUM-011,11892,1002,SUCCESS
CDR-SUB-494294,2026-05-24T23:41:07.451178,+919774476372,+916364937963,SMS,0,405071188879306,351657113161899,BSNL,BTS-MUM-009,77899,1001,SUCCESS
CDR-SUB-819259,2026-05-24T23:53:43.451178,+919774476372,+916932982197,VOICE,326,405071188879306,351657113161899,BSNL,BTS-MUM-009,77899,1001,SUCCESS
CDR-SUB-514284,2026-05-24T23:53:37.451178,+918063530621,+919523414579,VOICE,0,405455135266106,868203044301894,Airtel,BTS-MUM-002,20960,1000,NO_ANSWER
CDR-SUB-780467,2026-05-25T00:01:20.451178,+917499589805,+916318903853,SMS,0,405840470025420,868203044395342,Jio,BTS-MUM-003,97016,1000,SUCCESS
CDR-SUB-760801,2026-05-25T00:24:51.451178,+918970737615,+917089106615,SMS,0,405189438624664,864382049280875,Vodafone_Idea,BTS-MUM-008,68203,1001,SUCCESS
CDR-SUB-285525,2026-05-25T00:43:22.451178,+918063530621,+917514757104,SMS,0,405455135266106,868203044301894,Airtel,BTS-MUM-002,20960,1000,SUCCESS
CDR-SUB-807237,2026-05-25T00:50:16.451178,+918524173983,+919300847500,SMS,0,405453925660230,864382048614710,Airtel,BTS-MUM-002,20960,1000,SUCCESS
CDR-SUB-872292,2026-05-25T00:56:15.451178,+919523414579,+919938868865,SMS,0,405188005874184,359028094979398,Vodafone_Idea,BTS-MUM-012,59908,1002,SUCCESS
CDR-SUB-694136,2026-05-25T01:04:02.451178,+918970737615,+916571540271,SMS,0,405189438624664,864382049280875,Vodafone_Idea,BTS-MUM-008,68203,1001,SUCCESS
CDR-SUB-602285,2026-05-25T01:24:43.451178,+917766469204,+916318903853,VOICE,227,405840920351816,868203047099917,Jio,BTS-MUM-014,28654,1002,SUCCESS
CDR-SUB-378203,2026-05-25T01:22:12.451178,+918063530621,+918669585784,SMS,0,405455135266106,868203044301894,Airtel,BTS-MUM-002,20960,1000,SUCCESS
CDR-SUB-844641,2026-05-25T01:42:25.451178,+918063530621,+917604216150,SMS,0,405455135266106,868203044301894,Airtel,BTS-MUM-002,20960,1000,SUCCESS
CDR-SUB-329970,2026-05-25T02:27:41.451178,+917654890656,+916850988194,SMS,0,405185131440821,353684097141182,Vodafone_Idea,BTS-MUM-012,59908,1002,SUCCESS
CDR-SUB-554289,2026-05-25T02:23:52.451178,+919774476372,+917514757104,SMS,0,405071188879306,351657113161899,BSNL,BTS-MUM-009,77899,1001,SUCCESS
CDR-SUB-902928,2026-05-25T02:37:42.451178,+918736292116,+917604216150,VOICE,408,405840800206875,868203043256107,Jio,BTS-MUM-013,96156,1002,SUCCESS
CDR-SUB-475086,2026-05-25T02:43:37.451178,+918524173983,+916892267015,SMS,0,405453925660230,864382048614710,Airtel,BTS-MUM-002,20960,1000,SUCCESS
CDR-SUB-343995,2026-05-25T02:32:24.451178,+917674669256,+917685212470,SMS,0,405840877441827,868203041710360,Jio,BTS-MUM-014,28654,1002,SUCCESS
CDR-SUB-102049,2026-05-25T02:47:20.451178,+916026809904,+916099526520,SMS,0,405840747639583,864382046896327,Jio,BTS-MUM-007,99315,1001,SUCCESS
CDR-SUB-806584,2026-05-25T03:22:45.451178,+917514757104,+917766469204,SMS,0,405840659060962,351657114979893,Jio,BTS-MUM-013,96156,1002,SUCCESS
CDR-SUB-638909,2026-05-25T03:29:42.451178,+919523414579,+918839090468,SMS,0,405188005874184,359028094979398,Vodafone_Idea,BTS-MUM-012,59908,1002,SUCCESS
CDR-SUB-397419,2026-05-25T03:32:13.451178,+918063530621,+919977738198,SMS,0,405455135266106,868203044301894,Airtel,BTS-MUM-002,20960,1000,SUCCESS
CDR-SUB-327202,2026-05-25T03:34:27.451178,+917514757104,+918102084844,SMS,0,405840659060962,351657114979893,Jio,BTS-MUM-013,96156,1002,SUCCESS
CDR-SUB-560214,2026-05-25T03:34:10.451178,+919774476372,+918848792320,VOICE,485,405071188879306,351657113161899,BSNL,BTS-MUM-009,77899,1001,SUCCESS
CDR-SUB-180007,2026-05-25T04:01:29.451178,+919523414579,+919289162418,SMS,0,405188005874184,359028094979398,Vodafone_Idea,BTS-MUM-012,59908,1002,SUCCESS
CDR-SUB-561904,2026-05-25T04:11:05.451178,+918063530621,+916835034130,SMS,0,405455135266106,868203044301894,Airtel,BTS-MUM-002,20960,1000,SUCCESS
CDR-SUB-121989,2026-05-25T04:17:45.451178,+918063530621,+917604216150,SMS,0,405455135266106,868203044301894,Airtel,BTS-MUM-002,20960,1000,SUCCESS
CDR-SUB-373847,2026-05-25T04:20:04.451178,+919013855207,+917533563289,SMS,0,405181138360671,351657113313078,Vodafone_Idea,BTS-MUM-015,70383,1002,SUCCESS
CDR-SUB-624391,2026-05-25T07:35:05.451178,+916364937963,+917142018505,VOICE,86,405186741986270,359028090748417,Vodafone_Idea,BTS-MUM-012,59908,1002,SUCCESS
CDR-SUB-628755,2026-05-25T07:40:42.451178,+916214147419,+918839090468,SMS,0,405840503753117,868203044349117,Jio,BTS-MUM-009,77899,1001,SUCCESS
CDR-SUB-864654,2026-05-25T08:06:26.451178,+919278515314,+917818958073,SMS,0,405453749736939,864382040026400,Airtel,BTS-MUM-002,20960,1000,SUCCESS
CDR-SUB-875639,2026-05-25T08:16:17.451178,+917895494009,+917104001886,SMS,0,405840895048275,353684094441510,Jio,BTS-MUM-006,42896,1001,SUCCESS
CDR-SUB-973240,2026-05-25T08:25:37.451178,+916833418890,+917561403846,SMS,0,405840565392826,864382043461125,Jio,BTS-MUM-006,42896,1001,SUCCESS
CDR-SUB-308473,2026-05-25T08:22:14.451178,+917276592488,+919980189677,VOICE,153,405840437328367,351657116143639,Jio,BTS-MUM-010,76457,1001,SUCCESS
CDR-SUB-647889,2026-05-25T08:29:19.451178,+918770252737,+917323548258,SMS,0,405456971180677,351657110636950,Airtel,BTS-MUM-002,20960,1000,SUCCESS
CDR-SUB-715178,2026-05-25T08:19:10.451178,+918848792320,+917694107918,SMS,0,405452716129788,359028090841998,Airtel,BTS-MUM-002,20960,1000,SUCCESS
CDR-SUB-770708,2026-05-25T08:20:55.451178,+918839090468,+918063530621,VOICE,151,405451292994832,868203045322691,Airtel,BTS-MUM-002,20960,1000,SUCCESS
CDR-SUB-669943,2026-05-25T08:19:10.451178,+919069273877,+918785362517,SMS,0,405456235986950,351657118512260,Airtel,BTS-MUM-002,20960,1000,SUCCESS
CDR-SUB-579251,2026-05-25T08:43:09.451178,+917552240168,+918524173983,SMS,0,405450791993506,351657117252587,Airtel,BTS-MUM-002,20960,1000,SUCCESS
CDR-SUB-595298,2026-05-25T08:40:20.451178,+916959580968,+917664589287,SMS,0,405182580077129,864382046097017,Vodafone_Idea,BTS-MUM-015,70383,1002,SUCCESS
CDR-SUB-896060,2026-05-25T08:40:40.451178,+918747563560,+917247953050,VOICE,184,405454757586291,868203041011512,Airtel,BTS-MUM-002,20960,1000,SUCCESS
CDR-SUB-977093,2026-05-25T08:41:58.451178,+916833418890,+916424077695,SMS,0,405840565392826,864382043461125,Jio,BTS-MUM-006,42896,1001,SUCCESS
CDR-SUB-520753,2026-05-25T08:33:12.451178,+919910371149,+919276513825,SMS,0,405840797384972,868203046624202,Jio,BTS-MUM-005,27194,1000,SUCCESS
CDR-SUB-901445,2026-05-25T08:59:17.451178,+917104001886,+919013855207,SMS,0,405840650391366,359028097751836,Jio,BTS-MUM-014,28654,1002,SUCCESS
CDR-SUB-293829,2026-05-25T08:53:50.451178,+919006057141,+917499589805,VOICE,160,405840530153533,351657110688019,Jio,BTS-MUM-001,78329,1000,SUCCESS
CDR-SUB-284263,2026-05-25T08:59:17.451178,+919910371149,+916678634340,VOICE,114,405840797384972,868203046624202,Jio,BTS-MUM-005,27194,1000,SUCCESS
CDR-SUB-873684,2026-05-25T08:51:27.451178,+917819615715,+917674669256,SMS,0,405185670254691,359028093797973,Vodafone_Idea,BTS-MUM-012,59908,1002,SUCCESS
CDR-SUB-808232,2026-05-25T09:15:37.451178,+918671543088,+919775680556,SMS,0,405840671794059,864382043231049,Jio,BTS-MUM-009,77899,1001,SUCCESS
CDR-SUB-206483,2026-05-25T09:02:52.451178,+918179913308,+916656933137,VOICE,723,405182613830461,353684099942439,Vodafone_Idea,BTS-MUM-012,59908,1002,SUCCESS
CDR-SUB-439901,2026-05-25T09:13:16.451178,+916510912543,+918179913308,VOICE,332,405459881103287,359028091116267,Airtel,BTS-MUM-002,20960,1000,SUCCESS
CDR-SUB-724119,2026-05-25T09:03:53.451178,+918770252737,+916583026456,VOICE,85,405456971180677,351657110636950,Airtel,BTS-MUM-002,20960,1000,SUCCESS
CDR-SUB-460929,2026-05-25T09:14:29.451178,+919069273877,+917423901048,SMS,0,405456235986950,351657118512260,Airtel,BTS-MUM-002,20960,1000,SUCCESS
CDR-SUB-381867,2026-05-25T09:10:52.451178,+916424077695,+919008358326,VOICE,105,405840096036001,353684094793860,Jio,BTS-MUM-014,28654,1002,SUCCESS
CDR-SUB-768097,2026-05-25T09:02:15.451178,+919142197428,+919069273877,SMS,0,405188894312633,353684097338408,Vodafone_Idea,BTS-MUM-008,68203,1001,SUCCESS
CDR-SUB-872587,2026-05-25T09:03:16.451178,+919448807622,+917674669256,VOICE,121,405450566822597,359028098956467,Airtel,BTS-MUM-002,20960,1000,SUCCESS
CDR-SUB-810195,2026-05-25T09:19:07.451178,+917356749250,+916656933137,VOICE,79,405459096488600,864382047831455,Airtel,BTS-MUM-002,20960,1000,SUCCESS
CDR-SUB-463140,2026-05-25T09:19:51.451178,+919952590684,+917790237353,SMS,0,405453326079047,868203042456807,Airtel,BTS-MUM-002,20960,1000,SUCCESS
CDR-SUB-604345,2026-05-25T09:30:23.451178,+916670203814,+919504601814,VOICE,480,405840301517576,351657113819306,Jio,BTS-MUM-006,42896,1001,SUCCESS
CDR-SUB-594534,2026-05-25T09:25:21.451178,+919910371149,+916734332742,SMS,0,405840797384972,868203046624202,Jio,BTS-MUM-005,27194,1000,SUCCESS
CDR-SUB-598566,2026-05-25T09:22:22.451178,+919966183441,+916026809904,SMS,0,405459455620689,351657113128674,Airtel,BTS-MUM-002,20960,1000,SUCCESS
CDR-SUB-232487,2026-05-25T09:20:50.451178,+918245244001,+918063530621,SMS,0,405840552455381,864382040816586,Jio,BTS-MUM-010,76457,1001,SUCCESS
CDR-SUB-370309,2026-05-25T09:20:19.451178,+918671543088,+919204600776,SMS,0,405840671794059,864382043231049,Jio,BTS-MUM-009,77899,1001,SUCCESS
CDR-SUB-895469,2026-05-25T09:18:17.451178,+917142018505,+916571540271,SMS,0,405185816675843,353684094726126,Vodafone_Idea,BTS-MUM-012,59908,1002,SUCCESS
CDR-SUB-316343,2026-05-25T09:19:08.451178,+916728175810,+917104001886,VOICE,137,405453399194132,353684092558448,Airtel,BTS-MUM-002,20960,1000,SUCCESS
CDR-SUB-880120,2026-05-25T09:30:37.451178,+918550653630,+916010506738,VOICE,267,405459809705526,868203048400700,Airtel,BTS-MUM-002,20960,1000,SUCCESS
CDR-SUB-485924,2026-05-25T09:38:31.451178,+916571540271,+916904522290,VOICE,95,405455940965333,868203047678538,Airtel,BTS-MUM-002,20960,1000,SUCCESS
CDR-SUB-471270,2026-05-25T09:34:02.451178,+917972389529,+919966183441,SMS,0,405840906974273,864382047771453,Jio,BTS-MUM-014,28654,1002,SUCCESS
CDR-SUB-346802,2026-05-25T09:39:52.451178,+917914396936,+918524173983,SMS,0,405840527638505,864382044791405,Jio,BTS-MUM-003,97016,1000,SUCCESS
CDR-SUB-694769,2026-05-25T09:36:02.451178,+917423586246,+919910371149,VOICE,132,405451560516318,353684092766553,Airtel,BTS-MUM-002,20960,1000,SUCCESS
CDR-SUB-911773,2026-05-25T09:41:22.451178,+916670203814,+919019233551,SMS,0,405840301517576,351657113819306,Jio,BTS-MUM-006,42896,1001,SUCCESS
CDR-SUB-430974,2026-05-25T09:36:43.451178,+919319939549,+918449741912,SMS,0,405454041887165,351657116249550,Airtel,BTS-MUM-002,20960,1000,SUCCESS
CDR-SUB-653420,2026-05-25T09:59:39.451178,+916364937963,+919467484425,SMS,0,405186741986270,359028090748417,Vodafone_Idea,BTS-MUM-012,59908,1002,SUCCESS
CDR-SUB-901184,2026-05-25T09:53:44.451178,+917104001886,+918127121654,SMS,0,405840650391366,359028097751836,Jio,BTS-MUM-005,27194,1000,SUCCESS
CDR-SUB-998497,2026-05-25T10:00:05.451178,+917685212470,+918848792320,VOICE,535,405840913768119,868203048618277,Jio,BTS-MUM-005,27194,1000,SUCCESS
CDR-SUB-664275,2026-05-25T09:58:43.451178,+916424077695,+918839090468,VOICE,165,405840096036001,353684094793860,Jio,BTS-MUM-005,27194,1000,SUCCESS
CDR-SUB-853623,2026-05-25T09:57:17.451178,+919319939549,+917604216150,SMS,0,405454041887165,351657116249550,Airtel,BTS-MUM-002,20960,1000,SUCCESS
CDR-SUB-843921,2026-05-25T09:58:39.451178,+919069273877,+917895494009,SMS,0,405456235986950,351657118512260,Airtel,BTS-MUM-002,20960,1000,SUCCESS
CDR-SUB-224834,2026-05-25T09:49:22.451178,+918671543088,+916656933137,VOICE,90,405840671794059,864382043231049,Jio,BTS-MUM-009,77899,1001,SUCCESS
CDR-SUB-655750,2026-05-25T09:46:53.451178,+918599944473,+919319939549,SMS,0,405070905458304,351657111911634,BSNL,BTS-MUM-004,31197,1000,SUCCESS
CDR-SUB-279159,2026-05-25T09:53:46.451178,+916904522290,+918770252737,SMS,0,405458210130311,864382042929593,Airtel,BTS-MUM-002,20960,1000,SUCCESS
CDR-SUB-139938,2026-05-25T09:48:31.451178,+919055580641,+917228953943,SMS,0,405840833430840,868203040919798,Jio,BTS-MUM-009,77899,1001,SUCCESS
CDR-SUB-313167,2026-05-25T10:03:09.451178,+916833418890,+917104001886,SMS,0,405840565392826,864382043461125,Jio,BTS-MUM-006,42896,1001,SUCCESS
CDR-SUB-628180,2026-05-25T10:07:12.451178,+917423586246,+916318903853,SMS,0,405451560516318,353684092766553,Airtel,BTS-MUM-002,20960,1000,SUCCESS
CDR-SUB-294388,2026-05-25T10:07:21.451178,+916983872621,+916137784956,SMS,0,405840834041678,868203045772887,Jio,BTS-MUM-009,77899,1001,SUCCESS
CDR-SUB-924730,2026-05-25T10:08:09.451178,+917819615715,+919870368390,VOICE,116,405185670254691,359028093797973,Vodafone_Idea,BTS-MUM-012,59908,1002,SUCCESS
CDR-SUB-709587,2026-05-25T10:14:33.451178,+919278515314,+919730116907,VOICE,110,405453749736939,864382040026400,Airtel,BTS-MUM-002,20960,1000,SUCCESS
CDR-SUB-884980,2026-05-25T10:02:47.451178,+917664589287,+916728175810,VOICE,368,405071689858824,359028094643408,BSNL,BTS-MUM-015,70383,1002,SUCCESS
CDR-SUB-707567,2026-05-25T10:05:07.451178,+919204600776,+917089106615,SMS,0,405457573697035,359028096612955,Airtel,BTS-MUM-002,20960,1000,SUCCESS
CDR-SUB-274299,2026-05-25T10:15:04.451178,+918839090468,+917680404242,VOICE,153,405451292994832,868203045322691,Airtel,BTS-MUM-002,20960,1000,SUCCESS
CDR-SUB-834664,2026-05-25T10:26:59.451178,+916728175810,+919730116907,SMS,0,405453399194132,353684092558448,Airtel,BTS-MUM-002,20960,1000,SUCCESS
CDR-SUB-572767,2026-05-25T10:29:04.451178,+917590996624,+919013855207,SMS,0,405840601102642,864382044621669,Jio,BTS-MUM-006,42896,1001,SUCCESS
CDR-SUB-667440,2026-05-25T10:24:11.451178,+917895494009,+918736292116,SMS,0,405840895048275,353684094441510,Jio,BTS-MUM-006,42896,1001,SUCCESS
CDR-SUB-104277,2026-05-25T10:28:50.451178,+916979618151,+916833418890,VOICE,168,405840553980984,868203045407187,Jio,BTS-MUM-013,96156,1002,SUCCESS
CDR-SUB-113967,2026-05-25T10:30:17.451178,+917868299798,+919112831781,VOICE,0,405451239106896,868203047911970,Airtel,BTS-MUM-002,20960,1000,BUSY
CDR-SUB-678245,2026-05-25T10:19:38.451178,+919528192376,+919870368390,VOICE,101,405840195779499,351657114271523,Jio,BTS-MUM-003,97016,1000,SUCCESS
CDR-SUB-939355,2026-05-25T10:30:11.451178,+917499589805,+916571540271,SMS,0,405840470025420,868203044395342,Jio,BTS-MUM-003,97016,1000,SUCCESS
CDR-SUB-758583,2026-05-25T10:31:48.451178,+916424077695,+916620831451,SMS,0,405840096036001,353684094793860,Jio,BTS-MUM-005,27194,1000,SUCCESS
CDR-SUB-601982,2026-05-25T10:39:55.451178,+917323548258,+919069273877,VOICE,285,405840105244043,353684092078975,Jio,BTS-MUM-001,78329,1000,SUCCESS
CDR-SUB-208736,2026-05-25T10:36:37.451178,+917895494009,+918848792320,SMS,0,405840895048275,353684094441510,Jio,BTS-MUM-006,42896,1001,SUCCESS
CDR-SUB-941348,2026-05-25T10:35:01.451178,+918140232785,+917972389529,SMS,0,405185023088106,353684094340654,Vodafone_Idea,BTS-MUM-012,59908,1002,SUCCESS
CDR-SUB-364927,2026-05-25T10:34:55.451178,+917819615715,+917323548258,VOICE,113,405185670254691,359028093797973,Vodafone_Idea,BTS-MUM-012,59908,1002,SUCCESS
CDR-SUB-635249,2026-05-25T10:35:44.451178,+918630884248,+918221902139,VOICE,447,405840780465999,864382041619609,Jio,BTS-MUM-014,28654,1002,SUCCESS
CDR-SUB-236334,2026-05-25T10:40:11.451178,+916904522290,+916214147419,VOICE,110,405458210130311,864382042929593,Airtel,BTS-MUM-002,20960,1000,SUCCESS
CDR-SUB-679591,2026-05-25T10:42:44.451178,+917868299798,+916510912543,SMS,0,405451239106896,868203047911970,Airtel,BTS-MUM-002,20960,1000,SUCCESS
CDR-SUB-644717,2026-05-25T10:41:12.451178,+919006057141,+919013855207,VOICE,880,405840530153533,351657110688019,Jio,BTS-MUM-001,78329,1000,SUCCESS
CDR-SUB-175619,2026-05-25T10:41:42.451178,+919142197428,+917561403846,VOICE,158,405188894312633,353684097338408,Vodafone_Idea,BTS-MUM-011,11892,1002,SUCCESS
CDR-SUB-816354,2026-05-25T10:37:32.451178,+919528192376,+918747563560,SMS,0,405840195779499,351657114271523,Jio,BTS-MUM-003,97016,1000,SUCCESS
CDR-SUB-171871,2026-05-25T10:43:19.451178,+919870368390,+919108697759,SMS,0,405840606862667,353684099909248,Jio,BTS-MUM-003,97016,1000,SUCCESS
CDR-SUB-752106,2026-05-25T10:33:31.451178,+919929356932,+917972389529,VOICE,0,405840495948874,359028090432947,Jio,BTS-MUM-007,99315,1001,NO_ANSWER
CDR-SUB-725695,2026-05-25T10:44:53.451178,+919980189677,+918675675911,SMS,0,405840707354890,359028096376536,Jio,BTS-MUM-014,28654,1002,SUCCESS
CDR-SUB-106797,2026-05-25T10:48:37.451178,+917972389529,+917694107918,SMS,0,405840906974273,864382047771453,Jio,BTS-MUM-014,28654,1002,SUCCESS
CDR-SUB-599994,2026-05-25T10:49:44.451178,+916728175810,+919093399126,SMS,0,405453399194132,353684092558448,Airtel,BTS-MUM-002,20960,1000,SUCCESS
CDR-SUB-654169,2026-05-25T10:55:22.451178,+918829871099,+919276513825,SMS,0,405453887910944,359028095091987,Airtel,BTS-MUM-002,20960,1000,SUCCESS
CDR-SUB-499318,2026-05-25T10:53:52.451178,+916983872621,+919596917091,SMS,0,405840834041678,868203045772887,Jio,BTS-MUM-009,77899,1001,SUCCESS
CDR-SUB-345614,2026-05-25T10:58:52.451178,+916424077695,+916656933137,SMS,0,405840096036001,353684094793860,Jio,BTS-MUM-005,27194,1000,SUCCESS
CDR-SUB-689545,2026-05-25T10:56:39.451178,+916510912543,+919977738198,SMS,0,405459881103287,359028091116267,Airtel,BTS-MUM-002,20960,1000,SUCCESS
CDR-SUB-626157,2026-05-25T10:57:46.451178,+916670203814,+917654890656,VOICE,177,405840301517576,351657113819306,Jio,BTS-MUM-006,42896,1001,SUCCESS
CDR-SUB-880163,2026-05-25T10:47:14.451178,+917895494009,+917551359328,SMS,0,405840895048275,353684094441510,Jio,BTS-MUM-006,42896,1001,SUCCESS
CDR-SUB-760355,2026-05-25T11:16:32.451178,+919300847500,+916571540271,SMS,0,405450088374063,868203045926780,Airtel,BTS-MUM-002,20960,1000,SUCCESS
CDR-SUB-528409,2026-05-25T11:02:51.451178,+917790237353,+917674669256,SMS,0,405455912418153,359028092761863,Airtel,BTS-MUM-002,20960,1000,SUCCESS
CDR-SUB-752230,2026-05-25T11:13:15.451178,+916904522290,+916704049932,VOICE,301,405458210130311,864382042929593,Airtel,BTS-MUM-002,20960,1000,SUCCESS
CDR-SUB-470727,2026-05-25T11:14:47.451178,+916734332742,+916214147419,VOICE,123,405840687937880,864382046500408,Jio,BTS-MUM-001,78329,1000,SUCCESS
CDR-SUB-533882,2026-05-25T11:08:43.451178,+917415761105,+916670203814,SMS,0,405455549473246,359028094415138,Airtel,BTS-MUM-002,20960,1000,SUCCESS
CDR-SUB-642720,2026-05-25T11:15:42.451178,+917007647892,+918839090468,VOICE,58,405840511615817,868203046229242,Jio,BTS-MUM-013,96156,1002,SUCCESS
CDR-SUB-772862,2026-05-25T11:10:39.451178,+917914396936,+919006057141,SMS,0,405840527638505,864382044791405,Jio,BTS-MUM-003,97016,1000,SUCCESS
CDR-SUB-865767,2026-05-25T11:05:11.451178,+919929356932,+916424077695,VOICE,45,405840495948874,359028090432947,Jio,BTS-MUM-007,99315,1001,SUCCESS
CDR-SUB-451103,2026-05-25T11:12:36.451178,+919319939549,+917104001886,SMS,0,405454041887165,351657116249550,Airtel,BTS-MUM-002,20960,1000,SUCCESS
CDR-SUB-802219,2026-05-25T11:06:47.451178,+919448807622,+916656933137,VOICE,25,405450566822597,359028098956467,Airtel,BTS-MUM-002,20960,1000,SUCCESS
CDR-SUB-968919,2026-05-25T11:18:38.451178,+918245244001,+919013855207,SMS,0,405840552455381,864382040816586,Jio,BTS-MUM-010,76457,1001,SUCCESS
CDR-SUB-427930,2026-05-25T11:27:53.451178,+919910371149,+919523414579,VOICE,264,405840797384972,868203046624202,Jio,BTS-MUM-007,99315,1001,SUCCESS
CDR-SUB-209128,2026-05-25T11:16:36.451178,+916983872621,+917552240168,SMS,0,405840834041678,868203045772887,Jio,BTS-MUM-009,77899,1001,SUCCESS
CDR-SUB-911316,2026-05-25T11:26:12.451178,+917972389529,+918550653630,SMS,0,405840906974273,864382047771453,Jio,BTS-MUM-014,28654,1002,SUCCESS
CDR-SUB-973205,2026-05-25T11:26:31.451178,+917685212470,+917561403846,VOICE,67,405840913768119,868203048618277,Jio,BTS-MUM-010,76457,1001,SUCCESS
CDR-SUB-158350,2026-05-25T11:24:00.451178,+916670203814,+919850682146,VOICE,266,405840301517576,351657113819306,Jio,BTS-MUM-006,42896,1001,SUCCESS
CDR-SUB-787377,2026-05-25T11:25:40.451178,+918848792320,+917142018505,VOICE,188,405452716129788,359028090841998,Airtel,BTS-MUM-002,20960,1000,SUCCESS
CDR-SUB-629165,2026-05-25T11:30:51.451178,+916728175810,+919300847500,SMS,0,405453399194132,353684092558448,Airtel,BTS-MUM-002,20960,1000,SUCCESS
CDR-SUB-450689,2026-05-25T11:22:56.451178,+916656933137,+916214147419,VOICE,0,405840779302639,868203049538185,Jio,BTS-MUM-001,78329,1000,NO_ANSWER
CDR-SUB-337333,2026-05-25T11:22:36.451178,+917228953943,+919819755736,SMS,0,405450884229353,864382043145512,Airtel,BTS-MUM-002,20960,1000,SUCCESS
CDR-SUB-448161,2026-05-25T11:26:03.451178,+919300847500,+917444361023,SMS,0,405450088374063,868203045926780,Airtel,BTS-MUM-002,20960,1000,SUCCESS
CDR-SUB-422363,2026-05-25T11:34:09.451178,+918671543088,+917552240168,SMS,0,405840671794059,864382043231049,Jio,BTS-MUM-009,77899,1001,SUCCESS
CDR-SUB-513672,2026-05-25T11:31:42.451178,+918140232785,+917409228049,VOICE,281,405185023088106,353684094340654,Vodafone_Idea,BTS-MUM-012,59908,1002,SUCCESS
CDR-SUB-558280,2026-05-25T11:35:41.451178,+917972389529,+917021214807,VOICE,103,405840906974273,864382047771453,Jio,BTS-MUM-014,28654,1002,SUCCESS
CDR-SUB-490564,2026-05-25T11:36:07.451178,+918829871099,+917604216150,SMS,0,405453887910944,359028095091987,Airtel,BTS-MUM-002,20960,1000,SUCCESS
CDR-SUB-143989,2026-05-25T11:44:18.451178,+918221902139,+918630884248,VOICE,776,405184831884554,864382042584364,Vodafone_Idea,BTS-MUM-008,68203,1001,SUCCESS
CDR-SUB-501090,2026-05-25T11:46:20.451178,+919448807622,+917007647892,SMS,0,405450566822597,359028098956467,Airtel,BTS-MUM-002,20960,1000,SUCCESS
CDR-SUB-905499,2026-05-25T11:32:50.451178,+918502435585,+919276513825,SMS,0,405840149114064,359028093548418,Jio,BTS-MUM-004,31197,1000,SUCCESS
CDR-SUB-293103,2026-05-25T11:44:38.451178,+917914396936,+919528192376,SMS,0,405840527638505,864382044791405,Jio,BTS-MUM-003,97016,1000,SUCCESS
CDR-SUB-316836,2026-05-25T11:43:55.451178,+916983872621,+918404694969,SMS,0,405840834041678,868203045772887,Jio,BTS-MUM-009,77899,1001,SUCCESS
CDR-SUB-843383,2026-05-25T11:32:59.451178,+917790237353,+919299552241,VOICE,389,405455912418153,359028092761863,Airtel,BTS-MUM-002,20960,1000,SUCCESS
CDR-SUB-797834,2026-05-25T11:42:07.451178,+919528192376,+916424077695,SMS,0,405840195779499,351657114271523,Jio,BTS-MUM-003,97016,1000,SUCCESS
CDR-SUB-157220,2026-05-25T11:36:15.451178,+917685212470,+917674669256,VOICE,321,405840913768119,868203048618277,Jio,BTS-MUM-005,27194,1000,SUCCESS
CDR-SUB-228491,2026-05-25T11:31:45.451178,+917895494009,+917228953943,SMS,0,405840895048275,353684094441510,Jio,BTS-MUM-006,42896,1001,SUCCESS
CDR-SUB-199870,2026-05-25T11:53:43.451178,+916979618151,+916214147419,SMS,0,405840553980984,868203045407187,Jio,BTS-MUM-013,96156,1002,SUCCESS
CDR-SUB-389113,2026-05-25T11:59:48.451178,+917685212470,+917648067380,VOICE,132,405840913768119,868203048618277,Jio,BTS-MUM-005,27194,1000,SUCCESS
CDR-SUB-200325,2026-05-25T11:52:59.451178,+917790237353,+917888683170,VOICE,159,405455912418153,359028092761863,Airtel,BTS-MUM-002,20960,1000,SUCCESS
CDR-SUB-140084,2026-05-25T11:52:16.451178,+918671543088,+919326630684,VOICE,92,405840671794059,864382043231049,Jio,BTS-MUM-009,77899,1001,SUCCESS
CDR-SUB-743057,2026-05-25T11:55:45.451178,+919069273877,+916656933137,SMS,0,405456235986950,351657118512260,Airtel,BTS-MUM-002,20960,1000,SUCCESS
CDR-SUB-422774,2026-05-25T11:57:46.451178,+919319939549,+916510912543,SMS,0,405454041887165,351657116249550,Airtel,BTS-MUM-002,20960,1000,SUCCESS
CDR-SUB-910179,2026-05-25T12:01:30.451178,+916904522290,+918325638386,SMS,0,405458210130311,864382042929593,Airtel,BTS-MUM-002,20960,1000,SUCCESS
CDR-SUB-934745,2026-05-25T11:52:17.451178,+917972389529,+919730116907,VOICE,156,405840906974273,864382047771453,Jio,BTS-MUM-014,28654,1002,SUCCESS
CDR-SUB-605966,2026-05-25T11:50:57.451178,+916571540271,+917356749250,SMS,0,405455940965333,868203047678538,Airtel,BTS-MUM-002,20960,1000,SUCCESS
CDR-SUB-869007,2026-05-25T11:50:02.451178,+918245244001,+919870368390,VOICE,56,405840552455381,864382040816586,Jio,BTS-MUM-010,76457,1001,SUCCESS
CDR-SUB-969173,2026-05-25T11:46:53.451178,+917323548258,+916833418890,VOICE,0,405840105244043,353684092078975,Jio,BTS-MUM-001,78329,1000,BUSY
CDR-SUB-415653,2026-05-25T12:00:37.451178,+919448807622,+916227548948,SMS,0,405450566822597,359028098956467,Airtel,BTS-MUM-002,20960,1000,SUCCESS
CDR-SUB-877635,2026-05-25T11:57:12.451178,+918848792320,+919448807622,VOICE,749,405452716129788,359028090841998,Airtel,BTS-MUM-002,20960,1000,SUCCESS
CDR-SUB-108541,2026-05-25T12:07:49.451178,+918671543088,+917484680453,VOICE,289,405840671794059,864382043231049,Jio,BTS-MUM-009,77899,1001,SUCCESS
CDR-SUB-422918,2026-05-25T12:15:08.451178,+918401937018,+917590996624,SMS,0,405451682674034,359028096638414,Airtel,BTS-MUM-002,20960,1000,SUCCESS
CDR-SUB-217619,2026-05-25T12:15:24.451178,+918179913308,+918829781510,VOICE,138,405182613830461,353684099942439,Vodafone_Idea,BTS-MUM-012,59908,1002,SUCCESS
CDR-SUB-803571,2026-05-25T12:04:05.451178,+917276592488,+918970737615,VOICE,390,405840437328367,351657116143639,Jio,BTS-MUM-005,27194,1000,SUCCESS
CDR-SUB-700639,2026-05-25T12:14:01.451178,+919448807622,+916510912543,VOICE,98,405450566822597,359028098956467,Airtel,BTS-MUM-002,20960,1000,SUCCESS
CDR-SUB-693806,2026-05-25T12:06:42.451178,+916728175810,+918671543088,SMS,0,405453399194132,353684092558448,Airtel,BTS-MUM-002,20960,1000,SUCCESS
CDR-SUB-927331,2026-05-25T12:29:49.451178,+917323548258,+917664589287,SMS,0,405840105244043,353684092078975,Jio,BTS-MUM-001,78329,1000,SUCCESS
CDR-SUB-127863,2026-05-25T12:26:10.451178,+919278515314,+916010506738,SMS,0,405453749736939,864382040026400,Airtel,BTS-MUM-002,20960,1000,SUCCESS
CDR-SUB-212998,2026-05-25T12:24:23.451178,+917423586246,+918867185104,VOICE,63,405451560516318,353684092766553,Airtel,BTS-MUM-002,20960,1000,SUCCESS
CDR-SUB-537721,2026-05-25T12:29:22.451178,+917972389529,+916424077695,VOICE,125,405840906974273,864382047771453,Jio,BTS-MUM-010,76457,1001,SUCCESS
CDR-SUB-574067,2026-05-25T12:25:23.451178,+917790237353,+918942752200,VOICE,878,405455912418153,359028092761863,Airtel,BTS-MUM-002,20960,1000,SUCCESS
CDR-SUB-757778,2026-05-25T12:22:58.451178,+919300847500,+919523414579,VOICE,349,405450088374063,868203045926780,Airtel,BTS-MUM-002,20960,1000,SUCCESS
CDR-SUB-109366,2026-05-25T12:41:33.451178,+916904522290,+917514757104,SMS,0,405458210130311,864382042929593,Airtel,BTS-MUM-002,20960,1000,SUCCESS
CDR-SUB-701756,2026-05-25T12:37:27.451178,+916318903853,+918630884248,SMS,0,405840307262584,351657112021748,Jio,BTS-MUM-013,96156,1002,SUCCESS
CDR-SUB-692009,2026-05-25T12:39:08.451178,+916983872621,+919448807622,VOICE,22,405840834041678,868203045772887,Jio,BTS-MUM-009,77899,1001,SUCCESS
CDR-SUB-442358,2026-05-25T12:38:08.451178,+918829871099,+916501186131,VOICE,101,405453887910944,359028095091987,Airtel,BTS-MUM-002,20960,1000,SUCCESS
CDR-SUB-267235,2026-05-25T12:37:53.451178,+917819615715,+919936351080,SMS,0,405185670254691,359028093797973,Vodafone_Idea,BTS-MUM-012,59908,1002,SUCCESS
CDR-SUB-341626,2026-05-25T12:35:56.451178,+917685212470,+916734332742,VOICE,54,405840913768119,868203048618277,Jio,BTS-MUM-005,27194,1000,SUCCESS
CDR-SUB-224764,2026-05-25T12:42:08.451178,+916734332742,+919326630684,VOICE,0,405840687937880,864382046500408,Jio,BTS-MUM-001,78329,1000,BUSY
CDR-SUB-959971,2026-05-25T12:34:58.451178,+917104001886,+917914396936,SMS,0,405840650391366,359028097751836,Jio,BTS-MUM-006,42896,1001,SUCCESS
CDR-SUB-461668,2026-05-25T12:53:47.451178,+917552240168,+918245244001,VOICE,29,405450791993506,351657117252587,Airtel,BTS-MUM-002,20960,1000,SUCCESS
CDR-SUB-413961,2026-05-25T12:55:43.451178,+916510912543,+918401937018,VOICE,213,405459881103287,359028091116267,Airtel,BTS-MUM-002,20960,1000,SUCCESS
CDR-SUB-531358,2026-05-25T12:59:21.451178,+919278515314,+919528192376,SMS,0,405453749736939,864382040026400,Airtel,BTS-MUM-002,20960,1000,SUCCESS
CDR-SUB-670200,2026-05-25T12:59:19.451178,+918179913308,+917561403846,VOICE,0,405182613830461,353684099942439,Vodafone_Idea,BTS-MUM-012,59908,1002,BUSY
CDR-SUB-750587,2026-05-25T12:53:44.451178,+918671543088,+919776415019,SMS,0,405840671794059,864382043231049,Jio,BTS-MUM-009,77899,1001,SUCCESS
CDR-SUB-197083,2026-05-25T12:47:30.451178,+917895494009,+916904522290,SMS,0,405840895048275,353684094441510,Jio,BTS-MUM-006,42896,1001,SUCCESS
CDR-SUB-740110,2026-05-25T12:55:29.451178,+918245244001,+919611600175,VOICE,316,405840552455381,864382040816586,Jio,BTS-MUM-010,76457,1001,SUCCESS
CDR-SUB-421199,2026-05-25T12:52:27.451178,+917914396936,+917654890656,VOICE,34,405840527638505,864382044791405,Jio,BTS-MUM-010,76457,1001,SUCCESS
CDR-SUB-730011,2026-05-25T13:15:42.451178,+917323548258,+917819615715,VOICE,727,405840105244043,353684092078975,Jio,BTS-MUM-001,78329,1000,SUCCESS
CDR-SUB-174525,2026-05-25T13:05:29.451178,+919980189677,+916318903853,VOICE,228,405840707354890,359028096376536,Jio,BTS-MUM-014,28654,1002,SUCCESS
CDR-SUB-610403,2026-05-25T13:02:36.451178,+917551359328,+919319939549,SMS,0,405840763477166,351657111827806,Jio,BTS-MUM-004,31197,1000,SUCCESS
CDR-SUB-673457,2026-05-25T13:04:42.451178,+917228953943,+919319939549,SMS,0,405450884229353,864382043145512,Airtel,BTS-MUM-002,20960,1000,SUCCESS
CDR-SUB-295924,2026-05-25T13:06:42.451178,+918502435585,+916734332742,VOICE,819,405840149114064,359028093548418,Jio,BTS-MUM-004,31197,1000,SUCCESS
CDR-SUB-632665,2026-05-25T13:01:59.451178,+917685212470,+917289248464,VOICE,184,405840913768119,868203048618277,Jio,BTS-MUM-005,27194,1000,SUCCESS
CDR-SUB-289999,2026-05-25T13:06:51.451178,+917423586246,+919429103824,SMS,0,405451560516318,353684092766553,Airtel,BTS-MUM-002,20960,1000,SUCCESS
CDR-SUB-585079,2026-05-25T13:12:19.451178,+918245244001,+916979618151,VOICE,108,405840552455381,864382040816586,Jio,BTS-MUM-010,76457,1001,SUCCESS
CDR-SUB-779904,2026-05-25T13:10:42.451178,+917972389529,+917947686057,VOICE,1345,405840906974273,864382047771453,Jio,BTS-MUM-014,28654,1002,SUCCESS
CDR-SUB-803176,2026-05-25T13:01:59.451178,+918140232785,+916510912543,SMS,0,405185023088106,353684094340654,Vodafone_Idea,BTS-MUM-012,59908,1002,SUCCESS
CDR-SUB-241350,2026-05-25T13:11:04.451178,+918785362517,+918970737615,VOICE,159,405840139663768,868203043075929,Jio,BTS-MUM-005,27194,1000,SUCCESS
CDR-SUB-663620,2026-05-25T13:28:19.451178,+916904522290,+919528192376,SMS,0,405458210130311,864382042929593,Airtel,BTS-MUM-002,20960,1000,SUCCESS
CDR-SUB-167040,2026-05-25T13:30:17.451178,+916734332742,+917590996624,VOICE,99,405840687937880,864382046500408,Jio,BTS-MUM-001,78329,1000,SUCCESS
CDR-SUB-851297,2026-05-25T13:31:02.451178,+916424077695,+916959580968,SMS,0,405840096036001,353684094793860,Jio,BTS-MUM-005,27194,1000,SUCCESS
CDR-SUB-566285,2026-05-25T13:18:17.451178,+917868299798,+919528192376,VOICE,86,405451239106896,868203047911970,Airtel,BTS-MUM-002,20960,1000,SUCCESS
CDR-SUB-993737,2026-05-25T13:25:58.451178,+916728175810,+918630884248,SMS,0,405453399194132,353684092558448,Airtel,BTS-MUM-002,20960,1000,SUCCESS
CDR-SUB-654405,2026-05-25T13:26:12.451178,+917790237353,+919204600776,VOICE,229,405455912418153,359028092761863,Airtel,BTS-MUM-002,20960,1000,SUCCESS
CDR-SUB-982825,2026-05-25T13:23:18.451178,+918770252737,+917685212470,VOICE,117,405456971180677,351657110636950,Airtel,BTS-MUM-002,20960,1000,SUCCESS
CDR-SUB-215345,2026-05-25T13:31:03.451178,+916510912543,+916702485032,VOICE,274,405459881103287,359028091116267,Airtel,BTS-MUM-002,20960,1000,SUCCESS
CDR-SUB-287666,2026-05-25T13:26:47.451178,+917895494009,+916214147419,VOICE,142,405840895048275,353684094441510,Jio,BTS-MUM-006,42896,1001,SUCCESS
CDR-SUB-385138,2026-05-25T13:23:44.451178,+918245244001,+918747563560,SMS,0,405840552455381,864382040816586,Jio,BTS-MUM-010,76457,1001,SUCCESS
CDR-SUB-103506,2026-05-25T13:28:18.451178,+916959580968,+917790237353,SMS,0,405182580077129,864382046097017,Vodafone_Idea,BTS-MUM-015,70383,1002,SUCCESS
CDR-SUB-370371,2026-05-25T13:30:49.451178,+918401937018,+919819755736,SMS,0,405451682674034,359028096638414,Airtel,BTS-MUM-002,20960,1000,SUCCESS
CDR-SUB-529609,2026-05-25T13:45:21.451178,+916983872621,+917366076576,VOICE,72,405840834041678,868203045772887,Jio,BTS-MUM-009,77899,1001,SUCCESS
CDR-SUB-303593,2026-05-25T13:39:25.451178,+919300847500,+918235845637,VOICE,271,405450088374063,868203045926780,Airtel,BTS-MUM-002,20960,1000,SUCCESS
CDR-SUB-192049,2026-05-25T13:39:45.451178,+917685212470,+918646461234,SMS,0,405840913768119,868203048618277,Jio,BTS-MUM-005,27194,1000,SUCCESS
CDR-SUB-399077,2026-05-25T13:42:48.451178,+918770252737,+916318903853,SMS,0,405456971180677,351657110636950,Airtel,BTS-MUM-002,20960,1000,SUCCESS
CDR-SUB-289213,2026-05-25T13:55:50.451178,+919980189677,+917654890656,VOICE,268,405840707354890,359028096376536,Jio,BTS-MUM-014,28654,1002,SUCCESS
CDR-SUB-969510,2026-05-25T13:54:13.451178,+916010506738,+919936351080,VOICE,0,405184288056513,868203040853500,Vodafone_Idea,BTS-MUM-015,70383,1002,BUSY
CDR-SUB-940684,2026-05-25T13:53:05.451178,+918839090468,+917356749250,VOICE,90,405451292994832,868203045322691,Airtel,BTS-MUM-002,20960,1000,SUCCESS
CDR-SUB-237091,2026-05-25T13:57:20.451178,+917104001886,+917089106615,VOICE,36,405840650391366,359028097751836,Jio,BTS-MUM-005,27194,1000,SUCCESS
CDR-SUB-246010,2026-05-25T13:50:05.451178,+919326630684,+919142197428,VOICE,135,405188212929855,868203047502647,Vodafone_Idea,BTS-MUM-011,11892,1002,SUCCESS
CDR-SUB-616229,2026-05-25T13:55:34.451178,+916670203814,+916583026456,VOICE,62,405840301517576,351657113819306,Jio,BTS-MUM-006,42896,1001,SUCCESS
CDR-SUB-802073,2026-05-25T13:48:16.451178,+916424077695,+918829921335,SMS,0,405840096036001,353684094793860,Jio,BTS-MUM-004,31197,1000,SUCCESS
CDR-SUB-542809,2026-05-25T13:54:55.451178,+919055580641,+916924733827,VOICE,472,405840833430840,868203040919798,Jio,BTS-MUM-009,77899,1001,SUCCESS
CDR-SUB-799639,2026-05-25T13:49:54.451178,+919142197428,+918848792320,VOICE,324,405188894312633,353684097338408,Vodafone_Idea,BTS-MUM-011,11892,1002,SUCCESS
CDR-SUB-127961,2026-05-25T13:48:03.451178,+919870368390,+919523414579,SMS,0,405840606862667,353684099909248,Jio,BTS-MUM-010,76457,1001,SUCCESS
CDR-SUB-352478,2026-05-25T13:58:38.451178,+917561403846,+917021214807,SMS,0,405072084321586,351657118622929,BSNL,BTS-MUM-010,76457,1001,SUCCESS
CDR-SUB-677837,2026-05-25T13:47:29.451178,+917868299798,+919108697759,VOICE,367,405451239106896,868203047911970,Airtel,BTS-MUM-002,20960,1000,SUCCESS
CDR-SUB-865407,2026-05-25T13:50:52.451178,+916924733827,+917142737156,VOICE,1189,405456689423576,359028094817416,Airtel,BTS-MUM-002,20960,1000,SUCCESS
CDR-SUB-820081,2026-05-25T14:16:07.451178,+918140232785,+916198827272,VOICE,576,405185023088106,353684094340654,Vodafone_Idea,BTS-MUM-012,59908,1002,SUCCESS
CDR-SUB-105266,2026-05-25T14:04:31.451178,+917868299798,+918314267787,SMS,0,405451239106896,868203047911970,Airtel,BTS-MUM-002,20960,1000,SUCCESS
CDR-SUB-350671,2026-05-25T14:02:54.451178,+916924733827,+917514757104,VOICE,99,405456689423576,359028094817416,Airtel,BTS-MUM-002,20960,1000,SUCCESS
CDR-SUB-885562,2026-05-25T14:08:52.451178,+916728175810,+918064130827,VOICE,191,405453399194132,353684092558448,Airtel,BTS-MUM-002,20960,1000,SUCCESS
CDR-SUB-443616,2026-05-25T14:10:54.451178,+919142197428,+919528192376,VOICE,105,405188894312633,353684097338408,Vodafone_Idea,BTS-MUM-011,11892,1002,SUCCESS
CDR-SUB-983016,2026-05-25T14:09:28.451178,+918221902139,+919611609588,SMS,0,405184831884554,864382042584364,Vodafone_Idea,BTS-MUM-008,68203,1001,SUCCESS
CDR-SUB-460492,2026-05-25T14:11:50.451178,+917423586246,+918502435585,SMS,0,405451560516318,353684092766553,Airtel,BTS-MUM-002,20960,1000,SUCCESS
CDR-SUB-309828,2026-05-25T14:07:15.451178,+918839090468,+917142018505,SMS,0,405451292994832,868203045322691,Airtel,BTS-MUM-002,20960,1000,SUCCESS
CDR-SUB-833702,2026-05-25T14:20:22.451178,+917685212470,+919300847500,SMS,0,405840913768119,868203048618277,Jio,BTS-MUM-005,27194,1000,SUCCESS
CDR-SUB-922404,2026-05-25T14:31:08.451178,+919300847500,+917654890656,VOICE,199,405450088374063,868203045926780,Airtel,BTS-MUM-002,20960,1000,SUCCESS
CDR-SUB-899700,2026-05-25T14:29:23.451178,+916510912543,+917089106615,SMS,0,405459881103287,359028091116267,Airtel,BTS-MUM-002,20960,1000,SUCCESS
CDR-SUB-923457,2026-05-25T14:30:41.451178,+917323548258,+916571540271,SMS,0,405840105244043,353684092078975,Jio,BTS-MUM-001,78329,1000,SUCCESS
CDR-SUB-437472,2026-05-25T14:20:33.451178,+916979618151,+919910371149,VOICE,218,405840553980984,868203045407187,Jio,BTS-MUM-013,96156,1002,SUCCESS
CDR-SUB-639581,2026-05-25T14:18:36.451178,+917423586246,+917820984601,VOICE,306,405451560516318,353684092766553,Airtel,BTS-MUM-002,20960,1000,SUCCESS
CDR-SUB-230485,2026-05-25T14:41:05.451178,+916424077695,+917972389529,SMS,0,405840096036001,353684094793860,Jio,BTS-MUM-013,96156,1002,SUCCESS
CDR-SUB-493739,2026-05-25T14:37:17.451178,+918747563560,+917415761105,SMS,0,405454757586291,868203041011512,Airtel,BTS-MUM-002,20960,1000,SUCCESS
CDR-SUB-934838,2026-05-25T14:36:09.451178,+919326630684,+919528192376,VOICE,175,405188212929855,868203047502647,Vodafone_Idea,BTS-MUM-011,11892,1002,SUCCESS
CDR-SUB-791536,2026-05-25T14:44:40.451178,+919278515314,+917007647892,SMS,0,405453749736939,864382040026400,Airtel,BTS-MUM-002,20960,1000,SUCCESS
CDR-SUB-320989,2026-05-25T14:37:04.451178,+919055580641,+917561403846,SMS,0,405840833430840,868203040919798,Jio,BTS-MUM-009,77899,1001,SUCCESS
CDR-SUB-464618,2026-05-25T14:35:21.451178,+916510912543,+919936351080,SMS,0,405459881103287,359028091116267,Airtel,BTS-MUM-002,20960,1000,SUCCESS
CDR-SUB-697234,2026-05-25T14:46:11.451178,+916904522290,+917674669256,VOICE,775,405458210130311,864382042929593,Airtel,BTS-MUM-002,20960,1000,SUCCESS
CDR-SUB-527739,2026-05-25T14:33:35.451178,+916959580968,+919870368390,SMS,0,405182580077129,864382046097017,Vodafone_Idea,BTS-MUM-015,70383,1002,SUCCESS
CDR-SUB-641706,2026-05-25T14:34:43.451178,+919966183441,+917694107918,VOICE,687,405459455620689,351657113128674,Airtel,BTS-MUM-002,20960,1000,SUCCESS
CDR-SUB-618497,2026-05-25T14:33:48.451178,+918599944473,+917104001886,SMS,0,405070905458304,351657111911634,BSNL,BTS-MUM-004,31197,1000,SUCCESS
CDR-SUB-310206,2026-05-25T14:32:15.451178,+917972389529,+916728175810,VOICE,228,405840906974273,864382047771453,Jio,BTS-MUM-004,31197,1000,SUCCESS
CDR-SUB-842831,2026-05-25T14:55:05.451178,+917819615715,+917868299798,SMS,0,405185670254691,359028093797973,Vodafone_Idea,BTS-MUM-012,59908,1002,SUCCESS
CDR-SUB-531944,2026-05-25T14:58:17.451178,+918829871099,+918747563560,SMS,0,405453887910944,359028095091987,Airtel,BTS-MUM-002,20960,1000,SUCCESS
CDR-SUB-417855,2026-05-25T14:58:34.451178,+916424077695,+918829921335,VOICE,178,405840096036001,353684094793860,Jio,BTS-MUM-005,27194,1000,SUCCESS
CDR-SUB-639129,2026-05-25T14:54:17.451178,+918599944473,+917276592488,SMS,0,405070905458304,351657111911634,BSNL,BTS-MUM-004,31197,1000,SUCCESS
CDR-SUB-250266,2026-05-25T15:00:11.451178,+916670203814,+917590996624,VOICE,309,405840301517576,351657113819306,Jio,BTS-MUM-006,42896,1001,SUCCESS
CDR-SUB-610097,2026-05-25T14:47:36.451178,+919142197428,+917872087474,VOICE,136,405188894312633,353684097338408,Vodafone_Idea,BTS-MUM-011,11892,1002,SUCCESS
CDR-SUB-238970,2026-05-25T14:55:30.451178,+919929356932,+918502435585,VOICE,198,405840495948874,359028090432947,Jio,BTS-MUM-007,99315,1001,SUCCESS
CDR-SUB-807461,2026-05-25T14:51:56.451178,+917972389529,+916010506738,SMS,0,405840906974273,864382047771453,Jio,BTS-MUM-014,28654,1002,SUCCESS
CDR-SUB-755599,2026-05-25T14:46:47.451178,+919936351080,+918140232785,VOICE,334,405457116215737,864382043445292,Airtel,BTS-MUM-002,20960,1000,SUCCESS
CDR-SUB-197820,2026-05-25T14:55:46.451178,+917423586246,+917685212470,SMS,0,405451560516318,353684092766553,Airtel,BTS-MUM-002,20960,1000,SUCCESS
CDR-SUB-746065,2026-05-25T14:54:49.451178,+919980189677,+917868299798,VOICE,816,405840707354890,359028096376536,Jio,BTS-MUM-014,28654,1002,SUCCESS
CDR-SUB-631392,2026-05-25T15:13:34.451178,+917415761105,+919055580641,VOICE,214,405455549473246,359028094415138,Airtel,BTS-MUM-002,20960,1000,SUCCESS
CDR-SUB-433913,2026-05-25T15:13:48.451178,+919870368390,+916010506738,SMS,0,405840606862667,353684099909248,Jio,BTS-MUM-003,97016,1000,SUCCESS
CDR-SUB-426294,2026-05-25T15:04:35.451178,+917685212470,+916728175810,VOICE,100,405840913768119,868203048618277,Jio,BTS-MUM-005,27194,1000,SUCCESS
CDR-SUB-908101,2026-05-25T15:05:55.451178,+916510912543,+916924733827,SMS,0,405459881103287,359028091116267,Airtel,BTS-MUM-002,20960,1000,SUCCESS
CDR-SUB-787433,2026-05-25T15:07:43.451178,+918599944473,+916728175810,SMS,0,405070905458304,351657111911634,BSNL,BTS-MUM-004,31197,1000,SUCCESS
CDR-SUB-654333,2026-05-25T15:13:36.451178,+916424077695,+916728175810,VOICE,77,405840096036001,353684094793860,Jio,BTS-MUM-005,27194,1000,SUCCESS
CDR-SUB-893231,2026-05-25T15:15:41.451178,+917228953943,+918221902139,SMS,0,405450884229353,864382043145512,Airtel,BTS-MUM-002,20960,1000,SUCCESS
CDR-SUB-442457,2026-05-25T15:11:01.451178,+917276592488,+917868299798,SMS,0,405840437328367,351657116143639,Jio,BTS-MUM-010,76457,1001,SUCCESS
CDR-SUB-517830,2026-05-25T15:17:50.451178,+917089106615,+919319939549,SMS,0,405840896588765,868203043119081,Jio,BTS-MUM-005,27194,1000,SUCCESS
CDR-SUB-238061,2026-05-25T15:27:36.451178,+919326630684,+917415761105,VOICE,151,405188212929855,868203047502647,Vodafone_Idea,BTS-MUM-008,68203,1001,SUCCESS
CDR-SUB-672427,2026-05-25T15:22:01.451178,+916904522290,+918401937018,SMS,0,405458210130311,864382042929593,Airtel,BTS-MUM-002,20960,1000,SUCCESS
CDR-SUB-245702,2026-05-25T15:16:59.451178,+919055580641,+916851370822,SMS,0,405840833430840,868203040919798,Jio,BTS-MUM-001,78329,1000,SUCCESS
CDR-SUB-148655,2026-05-25T15:24:12.451178,+917323548258,+916734332742,VOICE,46,405840105244043,353684092078975,Jio,BTS-MUM-001,78329,1000,SUCCESS
CDR-SUB-721869,2026-05-25T15:19:15.451178,+919966183441,+919977738198,SMS,0,405459455620689,351657113128674,Airtel,BTS-MUM-002,20960,1000,SUCCESS
CDR-SUB-235193,2026-05-25T15:23:52.451178,+916510912543,+919326630684,SMS,0,405459881103287,359028091116267,Airtel,BTS-MUM-002,20960,1000,SUCCESS
CDR-SUB-738577,2026-05-25T15:46:25.451178,+918245244001,+917499589805,VOICE,77,405840552455381,864382040816586,Jio,BTS-MUM-010,76457,1001,SUCCESS
CDR-SUB-158212,2026-05-25T15:34:03.451178,+916734332742,+918785362517,VOICE,27,405840687937880,864382046500408,Jio,BTS-MUM-001,78329,1000,SUCCESS
CDR-SUB-348731,2026-05-25T15:41:22.451178,+918829871099,+916656933137,VOICE,42,405453887910944,359028095091987,Airtel,BTS-MUM-002,20960,1000,SUCCESS
CDR-SUB-592833,2026-05-25T15:40:23.451178,+919528192376,+919126069143,VOICE,82,405840195779499,351657114271523,Jio,BTS-MUM-003,97016,1000,SUCCESS
CDR-SUB-511544,2026-05-25T15:36:54.451178,+918839090468,+918401937018,SMS,0,405451292994832,868203045322691,Airtel,BTS-MUM-002,20960,1000,SUCCESS
CDR-SUB-635084,2026-05-25T15:42:15.451178,+919278515314,+917423586246,SMS,0,405453749736939,864382040026400,Airtel,BTS-MUM-002,20960,1000,SUCCESS
CDR-SUB-885975,2026-05-25T15:41:09.451178,+916670203814,+918524173983,SMS,0,405840301517576,351657113819306,Jio,BTS-MUM-006,42896,1001,SUCCESS
CDR-SUB-375015,2026-05-25T15:36:50.451178,+916510912543,+919523414579,VOICE,141,405459881103287,359028091116267,Airtel,BTS-MUM-002,20960,1000,SUCCESS
CDR-SUB-659294,2026-05-25T15:39:51.451178,+918140232785,+916137784956,SMS,0,405185023088106,353684094340654,Vodafone_Idea,BTS-MUM-012,59908,1002,SUCCESS
CDR-SUB-777440,2026-05-25T15:41:09.451178,+916656933137,+917820984601,SMS,0,405840779302639,868203049538185,Jio,BTS-MUM-001,78329,1000,SUCCESS
CDR-SUB-320682,2026-05-25T15:58:19.451178,+917356749250,+916983872621,SMS,0,405459096488600,864382047831455,Airtel,BTS-MUM-002,20960,1000,SUCCESS
CDR-SUB-170860,2026-05-25T15:57:40.451178,+916734332742,+917868299798,VOICE,280,405840687937880,864382046500408,Jio,BTS-MUM-009,77899,1001,SUCCESS
CDR-SUB-784262,2026-05-25T15:56:27.451178,+918770252737,+917561403846,SMS,0,405456971180677,351657110636950,Airtel,BTS-MUM-002,20960,1000,SUCCESS
CDR-SUB-179619,2026-05-25T15:54:42.451178,+916983872621,+919276513825,VOICE,216,405840834041678,868203045772887,Jio,BTS-MUM-009,77899,1001,SUCCESS
CDR-SUB-844497,2026-05-25T15:57:04.451178,+918829871099,+917499589805,VOICE,33,405453887910944,359028095091987,Airtel,BTS-MUM-002,20960,1000,SUCCESS
CDR-SUB-150336,2026-05-25T15:46:38.451178,+919069273877,+919966183441,VOICE,57,405456235986950,351657118512260,Airtel,BTS-MUM-002,20960,1000,SUCCESS
CDR-SUB-318527,2026-05-25T15:57:45.451178,+919142197428,+918350273246,VOICE,64,405188894312633,353684097338408,Vodafone_Idea,BTS-MUM-011,11892,1002,SUCCESS
CDR-SUB-550900,2026-05-25T16:14:16.451178,+918599944473,+918747563560,SMS,0,405070905458304,351657111911634,BSNL,BTS-MUM-009,77899,1001,SUCCESS
CDR-SUB-581275,2026-05-25T16:02:14.451178,+919528192376,+917228953943,SMS,0,405840195779499,351657114271523,Jio,BTS-MUM-003,97016,1000,SUCCESS
CDR-SUB-438767,2026-05-25T16:11:02.451178,+917895494009,+919870368390,SMS,0,405840895048275,353684094441510,Jio,BTS-MUM-006,42896,1001,SUCCESS
CDR-SUB-652429,2026-05-25T16:05:58.451178,+918848792320,+918829871099,SMS,0,405452716129788,359028090841998,Airtel,BTS-MUM-002,20960,1000,SUCCESS
CDR-SUB-108298,2026-05-25T16:01:54.451178,+918245244001,+917923944167,SMS,0,405840552455381,864382040816586,Jio,BTS-MUM-010,76457,1001,SUCCESS
CDR-SUB-921141,2026-05-25T16:02:44.451178,+919276513825,+918736292116,SMS,0,405840102762415,868203046696192,Jio,BTS-MUM-007,99315,1001,SUCCESS
CDR-SUB-446359,2026-05-25T16:06:04.451178,+918140232785,+917007647892,SMS,0,405185023088106,353684094340654,Vodafone_Idea,BTS-MUM-012,59908,1002,SUCCESS
CDR-SUB-833629,2026-05-25T16:10:46.451178,+918630884248,+918357564061,SMS,0,405840780465999,864382041619609,Jio,BTS-MUM-007,99315,1001,SUCCESS
CDR-SUB-313988,2026-05-25T16:10:52.451178,+917276592488,+919952590684,SMS,0,405840437328367,351657116143639,Jio,BTS-MUM-010,76457,1001,SUCCESS
CDR-SUB-436590,2026-05-25T16:06:16.451178,+917323548258,+919929356932,VOICE,0,405840105244043,353684092078975,Jio,BTS-MUM-001,78329,1000,BUSY
CDR-SUB-593651,2026-05-25T16:21:44.451178,+917895494009,+918140232785,VOICE,224,405840895048275,353684094441510,Jio,BTS-MUM-006,42896,1001,SUCCESS
CDR-SUB-178960,2026-05-25T16:27:53.451178,+917790237353,+919006057141,SMS,0,405455912418153,359028092761863,Airtel,BTS-MUM-002,20960,1000,SUCCESS
CDR-SUB-134898,2026-05-25T16:17:58.451178,+919870368390,+917820984601,SMS,0,405840606862667,353684099909248,Jio,BTS-MUM-003,97016,1000,SUCCESS
CDR-SUB-573267,2026-05-25T16:23:55.451178,+918829871099,+919966183441,VOICE,209,405453887910944,359028095091987,Airtel,BTS-MUM-002,20960,1000,SUCCESS
CDR-SUB-203450,2026-05-25T16:16:50.451178,+916728175810,+916318903853,VOICE,84,405453399194132,353684092558448,Airtel,BTS-MUM-002,20960,1000,SUCCESS
CDR-SUB-342570,2026-05-25T16:21:17.451178,+916983872621,+916190372433,VOICE,428,405840834041678,868203045772887,Jio,BTS-MUM-009,77899,1001,SUCCESS
CDR-SUB-389612,2026-05-25T16:23:27.451178,+919108697759,+918167870451,VOICE,463,405459225169901,359028097227803,Airtel,BTS-MUM-002,20960,1000,SUCCESS
CDR-SUB-291934,2026-05-25T16:22:11.451178,+919966183441,+918671543088,VOICE,97,405459455620689,351657113128674,Airtel,BTS-MUM-002,20960,1000,SUCCESS
CDR-SUB-666826,2026-05-25T16:29:22.451178,+916510912543,+918340168618,VOICE,0,405459881103287,359028091116267,Airtel,BTS-MUM-002,20960,1000,NO_ANSWER
CDR-SUB-162520,2026-05-25T16:25:09.451178,+918599944473,+919204600776,SMS,0,405070905458304,351657111911634,BSNL,BTS-MUM-004,31197,1000,SUCCESS
CDR-SUB-598592,2026-05-25T16:19:10.451178,+917276592488,+918401937018,SMS,0,405840437328367,351657116143639,Jio,BTS-MUM-010,76457,1001,SUCCESS
CDR-SUB-193965,2026-05-25T16:41:17.451178,+919528192376,+919439430828,SMS,0,405840195779499,351657114271523,Jio,BTS-MUM-003,97016,1000,SUCCESS
CDR-SUB-616693,2026-05-25T16:39:25.451178,+918839090468,+919218632135,SMS,0,405451292994832,868203045322691,Airtel,BTS-MUM-002,20960,1000,SUCCESS
CDR-SUB-449708,2026-05-25T16:34:11.451178,+918770252737,+916026809904,SMS,0,405456971180677,351657110636950,Airtel,BTS-MUM-002,20960,1000,SUCCESS
CDR-SUB-702821,2026-05-25T16:42:32.451178,+916924733827,+919108697759,VOICE,440,405456689423576,359028094817416,Airtel,BTS-MUM-002,20960,1000,SUCCESS
CDR-SUB-857776,2026-05-25T16:32:00.451178,+918671543088,+917133367288,VOICE,0,405840671794059,864382043231049,Jio,BTS-MUM-009,77899,1001,NO_ANSWER
CDR-SUB-494432,2026-05-25T16:36:41.451178,+916983872621,+918140232785,SMS,0,405840834041678,868203045772887,Jio,BTS-MUM-009,77899,1001,SUCCESS
CDR-SUB-825938,2026-05-25T16:37:08.451178,+919966183441,+918524173983,VOICE,121,405459455620689,351657113128674,Airtel,BTS-MUM-002,20960,1000,SUCCESS
CDR-SUB-297129,2026-05-25T16:33:28.451178,+918179913308,+918747563560,SMS,0,405182613830461,353684099942439,Vodafone_Idea,BTS-MUM-012,59908,1002,SUCCESS
CDR-SUB-740578,2026-05-25T16:39:59.451178,+918829871099,+917578614027,SMS,0,405453887910944,359028095091987,Airtel,BTS-MUM-002,20960,1000,SUCCESS
CDR-SUB-375790,2026-05-25T16:31:52.451178,+917228953943,+916936357033,VOICE,255,405450884229353,864382043145512,Airtel,BTS-MUM-002,20960,1000,SUCCESS
CDR-SUB-121559,2026-05-25T16:41:56.451178,+919300847500,+916571540271,VOICE,241,405450088374063,868203045926780,Airtel,BTS-MUM-002,20960,1000,SUCCESS
CDR-SUB-796541,2026-05-25T16:42:17.451178,+919055580641,+919278515314,VOICE,37,405840833430840,868203040919798,Jio,BTS-MUM-009,77899,1001,SUCCESS
CDR-SUB-117769,2026-05-25T17:00:33.451178,+916924733827,+916187649644,SMS,0,405456689423576,359028094817416,Airtel,BTS-MUM-002,20960,1000,SUCCESS
CDR-SUB-396828,2026-05-25T16:57:51.451178,+918502435585,+917142018505,SMS,0,405840149114064,359028093548418,Jio,BTS-MUM-004,31197,1000,SUCCESS
CDR-SUB-586397,2026-05-25T16:59:54.451178,+918401937018,+919326630684,VOICE,85,405451682674034,359028096638414,Airtel,BTS-MUM-002,20960,1000,SUCCESS
CDR-SUB-384522,2026-05-25T17:01:18.451178,+917228953943,+919870368390,SMS,0,405450884229353,864382043145512,Airtel,BTS-MUM-002,20960,1000,SUCCESS
CDR-SUB-919948,2026-05-25T17:00:50.451178,+917323548258,+919980189677,SMS,0,405840105244043,353684092078975,Jio,BTS-MUM-001,78329,1000,SUCCESS
CDR-SUB-149962,2026-05-25T17:00:19.451178,+917551359328,+917649023038,VOICE,489,405840763477166,351657111827806,Jio,BTS-MUM-004,31197,1000,SUCCESS
CDR-SUB-342969,2026-05-25T16:46:38.451178,+919980189677,+917323548258,SMS,0,405840707354890,359028096376536,Jio,BTS-MUM-014,28654,1002,SUCCESS
CDR-SUB-166524,2026-05-25T16:47:41.451178,+916983872621,+918524173983,SMS,0,405840834041678,868203045772887,Jio,BTS-MUM-009,77899,1001,SUCCESS
CDR-SUB-225044,2026-05-25T16:54:49.451178,+919108697759,+919276513825,SMS,0,405459225169901,359028097227803,Airtel,BTS-MUM-002,20960,1000,SUCCESS
CDR-SUB-466556,2026-05-25T16:56:07.451178,+917790237353,+918275683044,VOICE,59,405455912418153,359028092761863,Airtel,BTS-MUM-002,20960,1000,SUCCESS
CDR-SUB-648288,2026-05-25T17:00:32.451178,+918747563560,+918671543088,SMS,0,405454757586291,868203041011512,Airtel,BTS-MUM-002,20960,1000,SUCCESS
CDR-SUB-502983,2026-05-25T16:53:16.451178,+917819615715,+916680376836,VOICE,213,405185670254691,359028093797973,Vodafone_Idea,BTS-MUM-012,59908,1002,SUCCESS
CDR-SUB-986171,2026-05-25T16:50:27.451178,+919142197428,+917142018505,VOICE,419,405188894312633,353684097338408,Vodafone_Idea,BTS-MUM-011,11892,1002,SUCCESS
CDR-SUB-220756,2026-05-25T16:59:06.451178,+916728175810,+918221902139,VOICE,116,405453399194132,353684092558448,Airtel,BTS-MUM-002,20960,1000,SUCCESS
CDR-SUB-753620,2026-05-25T16:55:02.451178,+919319939549,+919069273877,SMS,0,405454041887165,351657116249550,Airtel,BTS-MUM-002,20960,1000,SUCCESS
CDR-SUB-712919,2026-05-25T17:04:39.451178,+919300847500,+918839090468,SMS,0,405450088374063,868203045926780,Airtel,BTS-MUM-002,20960,1000,SUCCESS
CDR-SUB-358374,2026-05-25T17:05:13.451178,+916924733827,+917766469204,SMS,0,405456689423576,359028094817416,Airtel,BTS-MUM-002,20960,1000,SUCCESS
CDR-SUB-680741,2026-05-25T17:05:47.451178,+917868299798,+917032940847,SMS,0,405451239106896,868203047911970,Airtel,BTS-MUM-002,20960,1000,SUCCESS
CDR-SUB-779365,2026-05-25T17:04:13.451178,+917685212470,+916318903853,SMS,0,405840913768119,868203048618277,Jio,BTS-MUM-005,27194,1000,SUCCESS
CDR-SUB-104284,2026-05-25T17:14:02.451178,+917142018505,+917999661421,SMS,0,405185816675843,353684094726126,Vodafone_Idea,BTS-MUM-012,59908,1002,SUCCESS
CDR-SUB-116505,2026-05-25T17:09:11.451178,+917423586246,+917408749630,SMS,0,405451560516318,353684092766553,Airtel,BTS-MUM-002,20960,1000,SUCCESS
CDR-SUB-139833,2026-05-25T17:06:23.451178,+916734332742,+919142197428,VOICE,202,405840687937880,864382046500408,Jio,BTS-MUM-001,78329,1000,SUCCESS
CDR-SUB-764742,2026-05-25T17:08:48.451178,+918502435585,+917654890656,SMS,0,405840149114064,359028093548418,Jio,BTS-MUM-004,31197,1000,SUCCESS
CDR-SUB-595465,2026-05-25T17:10:41.451178,+918839090468,+918829921335,SMS,0,405451292994832,868203045322691,Airtel,BTS-MUM-002,20960,1000,SUCCESS
CDR-SUB-535011,2026-05-25T17:13:37.451178,+916670203814,+919055580641,SMS,0,405840301517576,351657113819306,Jio,BTS-MUM-006,42896,1001,SUCCESS
CDR-SUB-105530,2026-05-25T17:10:27.451178,+918671543088,+919432895720,VOICE,574,405840671794059,864382043231049,Jio,BTS-MUM-009,77899,1001,SUCCESS
CDR-SUB-660833,2026-05-25T17:30:48.451178,+917868299798,+919326630684,SMS,0,405451239106896,868203047911970,Airtel,BTS-MUM-002,20960,1000,SUCCESS
CDR-SUB-549515,2026-05-25T17:19:19.451178,+917276592488,+918848792320,SMS,0,405840437328367,351657116143639,Jio,BTS-MUM-010,76457,1001,SUCCESS
CDR-SUB-431761,2026-05-25T17:19:07.451178,+918140232785,+919929356932,VOICE,1051,405185023088106,353684094340654,Vodafone_Idea,BTS-MUM-012,59908,1002,SUCCESS
CDR-SUB-169899,2026-05-25T17:28:59.451178,+918671543088,+916728175810,VOICE,77,405840671794059,864382043231049,Jio,BTS-MUM-009,77899,1001,SUCCESS
CDR-SUB-697229,2026-05-25T17:21:14.451178,+919006057141,+919870368390,SMS,0,405840530153533,351657110688019,Jio,BTS-MUM-001,78329,1000,SUCCESS
CDR-SUB-953111,2026-05-25T17:18:49.451178,+917590996624,+916026809904,SMS,0,405840601102642,864382044621669,Jio,BTS-MUM-006,42896,1001,SUCCESS
CDR-SUB-176487,2026-05-25T17:27:11.451178,+917790237353,+918665518435,VOICE,31,405455912418153,359028092761863,Airtel,BTS-MUM-002,20960,1000,SUCCESS
CDR-SUB-699302,2026-05-25T17:27:53.451178,+919108697759,+916026809904,SMS,0,405459225169901,359028097227803,Airtel,BTS-MUM-002,20960,1000,SUCCESS
CDR-SUB-248909,2026-05-25T17:33:29.451178,+917914396936,+919523414579,SMS,0,405840527638505,864382044791405,Jio,BTS-MUM-003,97016,1000,SUCCESS
CDR-SUB-129649,2026-05-25T17:35:22.451178,+917323548258,+916318903853,VOICE,203,405840105244043,353684092078975,Jio,BTS-MUM-001,78329,1000,SUCCESS
CDR-SUB-274801,2026-05-25T17:41:24.451178,+919929356932,+916309679899,VOICE,0,405840495948874,359028090432947,Jio,BTS-MUM-007,99315,1001,NO_ANSWER
CDR-SUB-180350,2026-05-25T17:46:06.451178,+917561403846,+916924733827,SMS,0,405072084321586,351657118622929,BSNL,BTS-MUM-010,76457,1001,SUCCESS
CDR-SUB-424610,2026-05-25T17:32:39.451178,+919142197428,+916137784956,SMS,0,405188894312633,353684097338408,Vodafone_Idea,BTS-MUM-011,11892,1002,SUCCESS
CDR-SUB-163690,2026-05-25T17:44:59.451178,+919055580641,+919699755019,SMS,0,405840833430840,868203040919798,Jio,BTS-MUM-009,77899,1001,SUCCESS
CDR-SUB-640637,2026-05-25T17:57:04.451178,+919448807622,+917093279073,VOICE,354,405450566822597,359028098956467,Airtel,BTS-MUM-002,20960,1000,SUCCESS
CDR-SUB-809425,2026-05-25T17:52:31.451178,+919929356932,+917972389529,VOICE,363,405840495948874,359028090432947,Jio,BTS-MUM-007,99315,1001,SUCCESS
CDR-SUB-704708,2026-05-25T17:55:16.451178,+917664589287,+919976075200,VOICE,474,405071689858824,359028094643408,BSNL,BTS-MUM-015,70383,1002,SUCCESS
CDR-SUB-779515,2026-05-25T17:47:55.451178,+919142197428,+918829921335,VOICE,620,405188894312633,353684097338408,Vodafone_Idea,BTS-MUM-011,11892,1002,SUCCESS
CDR-SUB-461411,2026-05-25T17:58:17.451178,+918829871099,+919152729895,VOICE,137,405453887910944,359028095091987,Airtel,BTS-MUM-002,20960,1000,SUCCESS
CDR-SUB-875440,2026-05-25T18:00:16.451178,+916833418890,+919069273877,VOICE,841,405840565392826,864382043461125,Jio,BTS-MUM-006,42896,1001,SUCCESS
CDR-SUB-947960,2026-05-25T17:57:11.451178,+919108697759,+918736292116,SMS,0,405459225169901,359028097227803,Airtel,BTS-MUM-002,20960,1000,SUCCESS
CDR-SUB-453404,2026-05-25T17:58:58.451178,+918245244001,+917790237353,VOICE,134,405840552455381,864382040816586,Jio,BTS-MUM-010,76457,1001,SUCCESS
CDR-SUB-203228,2026-05-25T17:59:49.451178,+918140232785,+918848792320,SMS,0,405185023088106,353684094340654,Vodafone_Idea,BTS-MUM-012,59908,1002,SUCCESS
CDR-SUB-833699,2026-05-25T18:01:25.451178,+919528192376,+919252537864,SMS,0,405840195779499,351657114271523,Jio,BTS-MUM-003,97016,1000,SUCCESS
CDR-SUB-289115,2026-05-25T17:58:06.451178,+919326630684,+919342425436,SMS,0,405188212929855,868203047502647,Vodafone_Idea,BTS-MUM-011,11892,1002,SUCCESS
CDR-SUB-509855,2026-05-25T17:56:33.451178,+919300847500,+919528192376,SMS,0,405450088374063,868203045926780,Airtel,BTS-MUM-002,20960,1000,SUCCESS
CDR-SUB-266216,2026-05-25T18:05:25.451178,+919069273877,+917552240168,SMS,0,405456235986950,351657118512260,Airtel,BTS-MUM-002,20960,1000,SUCCESS
CDR-SUB-299088,2026-05-25T18:06:54.451178,+917323548258,+917104001886,SMS,0,405840105244043,353684092078975,Jio,BTS-MUM-005,27194,1000,SUCCESS
CDR-SUB-571950,2026-05-25T18:13:14.451178,+916904522290,+916309679899,SMS,0,405458210130311,864382042929593,Airtel,BTS-MUM-002,20960,1000,SUCCESS
CDR-SUB-801053,2026-05-25T18:04:08.451178,+917685212470,+917819615715,VOICE,89,405840913768119,868203048618277,Jio,BTS-MUM-005,27194,1000,SUCCESS
CDR-SUB-593493,2026-05-25T18:26:04.451178,+916656933137,+916424077695,SMS,0,405840779302639,868203049538185,Jio,BTS-MUM-001,78329,1000,SUCCESS
CDR-SUB-149901,2026-05-25T18:22:52.451178,+916959580968,+918829921335,SMS,0,405182580077129,864382046097017,Vodafone_Idea,BTS-MUM-015,70383,1002,SUCCESS
CDR-SUB-895037,2026-05-25T18:24:53.451178,+917323548258,+918820442675,VOICE,491,405840105244043,353684092078975,Jio,BTS-MUM-001,78329,1000,SUCCESS
CDR-SUB-563253,2026-05-25T18:17:21.451178,+917972389529,+917089106615,SMS,0,405840906974273,864382047771453,Jio,BTS-MUM-014,28654,1002,SUCCESS
CDR-SUB-705392,2026-05-25T18:21:45.451178,+917819615715,+919936351080,SMS,0,405185670254691,359028093797973,Vodafone_Idea,BTS-MUM-012,59908,1002,SUCCESS
CDR-SUB-523764,2026-05-25T18:23:09.451178,+916728175810,+918736292116,SMS,0,405453399194132,353684092558448,Airtel,BTS-MUM-002,20960,1000,SUCCESS
CDR-SUB-407887,2026-05-25T18:25:02.451178,+916670203814,+917104001886,VOICE,237,405840301517576,351657113819306,Jio,BTS-MUM-006,42896,1001,SUCCESS
CDR-SUB-662320,2026-05-25T18:30:59.451178,+919300847500,+918409918690,VOICE,266,405450088374063,868203045926780,Airtel,BTS-MUM-002,20960,1000,SUCCESS
CDR-SUB-552479,2026-05-25T18:21:09.451178,+919929356932,+919130651693,VOICE,0,405840495948874,359028090432947,Jio,BTS-MUM-007,99315,1001,BUSY
CDR-SUB-872841,2026-05-25T18:17:07.451178,+919730116907,+917552240168,SMS,0,405451522659684,353684096376326,Airtel,BTS-MUM-002,20960,1000,SUCCESS
CDR-SUB-827574,2026-05-25T18:17:10.451178,+918747563560,+917089106615,SMS,0,405454757586291,868203041011512,Airtel,BTS-MUM-002,20960,1000,SUCCESS
CDR-SUB-318261,2026-05-25T18:17:37.451178,+917276592488,+916833418890,VOICE,410,405840437328367,351657116143639,Jio,BTS-MUM-001,78329,1000,SUCCESS
CDR-SUB-309930,2026-05-25T18:34:55.451178,+918550653630,+917503053255,VOICE,158,405459809705526,868203048400700,Airtel,BTS-MUM-002,20960,1000,SUCCESS
CDR-SUB-113468,2026-05-25T18:38:12.451178,+919528192376,+917790237353,VOICE,0,405840195779499,351657114271523,Jio,BTS-MUM-003,97016,1000,BUSY
CDR-SUB-515277,2026-05-25T18:41:20.451178,+919326630684,+919774476372,SMS,0,405188212929855,868203047502647,Vodafone_Idea,BTS-MUM-011,11892,1002,SUCCESS
CDR-SUB-985201,2026-05-25T18:39:10.451178,+919069273877,+917021214807,VOICE,319,405456235986950,351657118512260,Airtel,BTS-MUM-002,20960,1000,SUCCESS
CDR-SUB-379563,2026-05-25T18:32:48.451178,+917868299798,+918179913308,SMS,0,405451239106896,868203047911970,Airtel,BTS-MUM-002,20960,1000,SUCCESS
CDR-SUB-629541,2026-05-25T18:32:51.451178,+919952590684,+918221348599,VOICE,206,405453326079047,868203042456807,Airtel,BTS-MUM-002,20960,1000,SUCCESS
CDR-SUB-729678,2026-05-25T18:34:20.451178,+916734332742,+916026809904,SMS,0,405840687937880,864382046500408,Jio,BTS-MUM-001,78329,1000,SUCCESS
CDR-SUB-883169,2026-05-25T18:39:41.451178,+919278515314,+918747563560,SMS,0,405453749736939,864382040026400,Airtel,BTS-MUM-002,20960,1000,SUCCESS
CDR-SUB-491182,2026-05-25T18:50:15.451178,+917868299798,+916873701634,VOICE,0,405451239106896,868203047911970,Airtel,BTS-MUM-002,20960,1000,BUSY
CDR-SUB-275243,2026-05-25T18:53:00.451178,+919142197428,+917819615715,VOICE,0,405188894312633,353684097338408,Vodafone_Idea,BTS-MUM-008,68203,1001,BUSY
CDR-SUB-930361,2026-05-25T18:53:05.451178,+918671543088,+917914396936,SMS,0,405840671794059,864382043231049,Jio,BTS-MUM-009,77899,1001,SUCCESS
CDR-SUB-917363,2026-05-25T18:51:53.451178,+917021214807,+916424077695,SMS,0,405840361386566,351657113717476,Jio,BTS-MUM-013,96156,1002,SUCCESS
CDR-SUB-592164,2026-05-25T18:48:52.451178,+919278515314,+919952590684,SMS,0,405453749736939,864382040026400,Airtel,BTS-MUM-002,20960,1000,SUCCESS
CDR-SUB-164684,2026-05-25T18:57:59.451178,+917142018505,+919276513825,VOICE,13,405185816675843,353684094726126,Vodafone_Idea,BTS-MUM-012,59908,1002,SUCCESS
CDR-SUB-783470,2026-05-25T18:48:49.451178,+918140232785,+919278515314,SMS,0,405185023088106,353684094340654,Vodafone_Idea,BTS-MUM-012,59908,1002,SUCCESS
CDR-SUB-275761,2026-05-25T18:49:03.451178,+917685212470,+917694107918,SMS,0,405840913768119,868203048618277,Jio,BTS-MUM-005,27194,1000,SUCCESS
CDR-SUB-914641,2026-05-25T18:50:07.451178,+919819755736,+917830426176,SMS,0,405451946439526,359028099878470,Airtel,BTS-MUM-002,20960,1000,SUCCESS
CDR-SUB-718676,2026-05-25T18:55:55.451178,+916510912543,+916979618151,SMS,0,405459881103287,359028091116267,Airtel,BTS-MUM-002,20960,1000,SUCCESS
CDR-SUB-201738,2026-05-25T18:56:22.451178,+916424077695,+916137784956,SMS,0,405840096036001,353684094793860,Jio,BTS-MUM-005,27194,1000,SUCCESS
CDR-SUB-253999,2026-05-25T19:08:00.451178,+917790237353,+919870368390,VOICE,131,405455912418153,359028092761863,Airtel,BTS-MUM-002,20960,1000,SUCCESS
CDR-SUB-849215,2026-05-25T19:11:05.451178,+916924733827,+919081396534,SMS,0,405456689423576,359028094817416,Airtel,BTS-MUM-002,20960,1000,SUCCESS
CDR-SUB-235959,2026-05-25T19:10:58.451178,+916734332742,+917664589287,VOICE,0,405840687937880,864382046500408,Jio,BTS-MUM-001,78329,1000,NO_ANSWER
CDR-SUB-393188,2026-05-25T19:12:47.451178,+919300847500,+919276513825,VOICE,180,405450088374063,868203045926780,Airtel,BTS-MUM-002,20960,1000,SUCCESS
CDR-SUB-652593,2026-05-25T19:05:37.451178,+919929356932,+918524173983,VOICE,391,405840495948874,359028090432947,Jio,BTS-MUM-007,99315,1001,SUCCESS
CDR-SUB-195892,2026-05-25T19:11:57.451178,+916959580968,+917089106615,VOICE,843,405182580077129,864382046097017,Vodafone_Idea,BTS-MUM-012,59908,1002,SUCCESS
CDR-SUB-182074,2026-05-25T19:10:43.451178,+916424077695,+917654890656,VOICE,325,405840096036001,353684094793860,Jio,BTS-MUM-005,27194,1000,SUCCESS
CDR-SUB-763507,2026-05-25T19:27:21.451178,+918829871099,+916728175810,SMS,0,405453887910944,359028095091987,Airtel,BTS-MUM-002,20960,1000,SUCCESS
CDR-SUB-451736,2026-05-25T19:23:39.451178,+917820984601,+918770252737,VOICE,166,405189034500367,864382041058261,Vodafone_Idea,BTS-MUM-011,11892,1002,SUCCESS
CDR-SUB-264686,2026-05-25T19:28:15.451178,+918770252737,+916010506738,SMS,0,405456971180677,351657110636950,Airtel,BTS-MUM-002,20960,1000,SUCCESS
CDR-SUB-159207,2026-05-25T19:18:43.451178,+917323548258,+916424077695,SMS,0,405840105244043,353684092078975,Jio,BTS-MUM-001,78329,1000,SUCCESS
CDR-SUB-783726,2026-05-25T19:21:12.451178,+916728175810,+918671543088,SMS,0,405453399194132,353684092558448,Airtel,BTS-MUM-002,20960,1000,SUCCESS
CDR-SUB-464233,2026-05-25T19:25:00.451178,+919276513825,+919855398387,SMS,0,405840102762415,868203046696192,Jio,BTS-MUM-007,99315,1001,SUCCESS
CDR-SUB-405097,2026-05-25T19:21:10.451178,+919448807622,+916318903853,VOICE,0,405450566822597,359028098956467,Airtel,BTS-MUM-002,20960,1000,NO_ANSWER
CDR-SUB-114856,2026-05-25T19:29:20.451178,+916510912543,+916571540271,VOICE,122,405459881103287,359028091116267,Airtel,BTS-MUM-002,20960,1000,SUCCESS
CDR-SUB-720016,2026-05-25T19:26:38.451178,+917228953943,+918550653630,SMS,0,405450884229353,864382043145512,Airtel,BTS-MUM-002,20960,1000,SUCCESS
CDR-SUB-321867,2026-05-25T19:26:41.451178,+916670203814,+916583026456,SMS,0,405840301517576,351657113819306,Jio,BTS-MUM-006,42896,1001,SUCCESS
CDR-SUB-376458,2026-05-25T19:37:07.451178,+918245244001,+919055580641,VOICE,281,405840552455381,864382040816586,Jio,BTS-MUM-010,76457,1001,SUCCESS
CDR-SUB-268440,2026-05-25T19:44:09.451178,+917323548258,+916137784956,VOICE,268,405840105244043,353684092078975,Jio,BTS-MUM-001,78329,1000,SUCCESS
CDR-SUB-665234,2026-05-25T19:45:17.451178,+916318903853,+916026809904,SMS,0,405840307262584,351657112021748,Jio,BTS-MUM-013,96156,1002,SUCCESS
CDR-SUB-272963,2026-05-25T19:35:31.451178,+917551359328,+918798646820,SMS,0,405840763477166,351657111827806,Jio,BTS-MUM-004,31197,1000,SUCCESS
CDR-SUB-206936,2026-05-25T19:42:41.451178,+918179913308,+919204600776,SMS,0,405182613830461,353684099942439,Vodafone_Idea,BTS-MUM-012,59908,1002,SUCCESS
CDR-SUB-403889,2026-05-25T19:31:36.451178,+919936351080,+916833418890,VOICE,0,405457116215737,864382043445292,Airtel,BTS-MUM-002,20960,1000,NO_ANSWER
CDR-SUB-880371,2026-05-25T19:34:08.451178,+919448807622,+917142018505,SMS,0,405450566822597,359028098956467,Airtel,BTS-MUM-002,20960,1000,SUCCESS
CDR-SUB-869864,2026-05-25T19:56:53.451178,+918550653630,+917744991954,VOICE,0,405459809705526,868203048400700,Airtel,BTS-MUM-002,20960,1000,NO_ANSWER
CDR-SUB-851275,2026-05-25T19:48:56.451178,+919142197428,+917085530797,SMS,0,405188894312633,353684097338408,Vodafone_Idea,BTS-MUM-011,11892,1002,SUCCESS
CDR-SUB-410178,2026-05-25T19:52:04.451178,+919278515314,+916924733827,SMS,0,405453749736939,864382040026400,Airtel,BTS-MUM-002,20960,1000,SUCCESS
CDR-SUB-358109,2026-05-25T19:49:55.451178,+917590996624,+917007647892,SMS,0,405840601102642,864382044621669,Jio,BTS-MUM-006,42896,1001,SUCCESS
CDR-SUB-243913,2026-05-25T19:47:18.451178,+916424077695,+919966183441,SMS,0,405840096036001,353684094793860,Jio,BTS-MUM-005,27194,1000,SUCCESS
CDR-SUB-919443,2026-05-25T19:55:08.451178,+917790237353,+919278515314,SMS,0,405455912418153,359028092761863,Airtel,BTS-MUM-002,20960,1000,SUCCESS
CDR-SUB-680635,2026-05-25T20:06:45.451178,+918785362517,+918770252737,SMS,0,405840139663768,868203043075929,Jio,BTS-MUM-005,27194,1000,SUCCESS
CDR-SUB-658091,2026-05-25T20:15:21.451178,+917685212470,+919108697759,SMS,0,405840913768119,868203048618277,Jio,BTS-MUM-009,77899,1001,SUCCESS
CDR-SUB-376068,2026-05-25T20:08:53.451178,+917868299798,+917054618500,VOICE,142,405451239106896,868203047911970,Airtel,BTS-MUM-002,20960,1000,SUCCESS
CDR-SUB-680634,2026-05-25T20:04:20.451178,+919142197428,+917552240168,SMS,0,405188894312633,353684097338408,Vodafone_Idea,BTS-MUM-011,11892,1002,SUCCESS
CDR-SUB-744204,2026-05-25T20:12:13.451178,+918671543088,+917895494009,VOICE,0,405840671794059,864382043231049,Jio,BTS-MUM-004,31197,1000,NO_ANSWER
CDR-SUB-291285,2026-05-25T20:11:08.451178,+918245244001,+919870368390,VOICE,0,405840552455381,864382040816586,Jio,BTS-MUM-010,76457,1001,BUSY
CDR-SUB-290210,2026-05-25T20:10:32.451178,+916728175810,+918221902139,SMS,0,405453399194132,353684092558448,Airtel,BTS-MUM-002,20960,1000,SUCCESS
CDR-SUB-821167,2026-05-25T20:27:27.451178,+917590996624,+919952590684,VOICE,245,405840601102642,864382044621669,Jio,BTS-MUM-006,42896,1001,SUCCESS
CDR-SUB-391950,2026-05-25T20:19:19.451178,+919910371149,+919069273877,SMS,0,405840797384972,868203046624202,Jio,BTS-MUM-005,27194,1000,SUCCESS
CDR-SUB-469141,2026-05-25T20:26:31.451178,+919142197428,+918221902139,SMS,0,405188894312633,353684097338408,Vodafone_Idea,BTS-MUM-011,11892,1002,SUCCESS
CDR-SUB-297022,2026-05-25T20:20:24.451178,+917972389529,+919730116907,SMS,0,405840906974273,864382047771453,Jio,BTS-MUM-014,28654,1002,SUCCESS
CDR-SUB-219633,2026-05-25T20:26:50.451178,+918245244001,+918063530621,SMS,0,405840552455381,864382040816586,Jio,BTS-MUM-010,76457,1001,SUCCESS
CDR-SUB-150154,2026-05-25T20:29:15.451178,+917356749250,+919093835290,VOICE,47,405459096488600,864382047831455,Airtel,BTS-MUM-002,20960,1000,SUCCESS
CDR-SUB-739488,2026-05-25T20:20:49.451178,+916424077695,+916959580968,VOICE,828,405840096036001,353684094793860,Jio,BTS-MUM-005,27194,1000,SUCCESS
CDR-SUB-483345,2026-05-25T20:29:21.451178,+917868299798,+918747563560,SMS,0,405451239106896,868203047911970,Airtel,BTS-MUM-002,20960,1000,SUCCESS
CDR-SUB-436056,2026-05-25T20:29:52.451178,+917914396936,+916571540271,SMS,0,405840527638505,864382044791405,Jio,BTS-MUM-003,97016,1000,SUCCESS
CDR-SUB-209428,2026-05-25T20:25:53.451178,+916979618151,+917142018505,VOICE,113,405840553980984,868203045407187,Jio,BTS-MUM-013,96156,1002,SUCCESS
CDR-SUB-390276,2026-05-25T20:20:41.451178,+916670203814,+917085213882,SMS,0,405840301517576,351657113819306,Jio,BTS-MUM-006,42896,1001,SUCCESS
CDR-SUB-177553,2026-05-25T20:22:20.451178,+918221902139,+917276592488,SMS,0,405184831884554,864382042584364,Vodafone_Idea,BTS-MUM-008,68203,1001,SUCCESS
CDR-SUB-245949,2026-05-25T20:42:54.451178,+917819615715,+919326630684,SMS,0,405185670254691,359028093797973,Vodafone_Idea,BTS-MUM-012,59908,1002,SUCCESS
CDR-SUB-536522,2026-05-25T20:35:16.451178,+919006057141,+919444330353,VOICE,48,405840530153533,351657110688019,Jio,BTS-MUM-001,78329,1000,SUCCESS
CDR-SUB-211603,2026-05-25T20:42:09.451178,+916904522290,+917674669256,VOICE,106,405458210130311,864382042929593,Airtel,BTS-MUM-002,20960,1000,SUCCESS
CDR-SUB-688525,2026-05-25T20:44:17.451178,+919300847500,+918599944473,VOICE,83,405450088374063,868203045926780,Airtel,BTS-MUM-002,20960,1000,SUCCESS
CDR-SUB-751825,2026-05-25T20:40:56.451178,+916424077695,+916010506738,VOICE,313,405840096036001,353684094793860,Jio,BTS-MUM-005,27194,1000,SUCCESS
CDR-SUB-539194,2026-05-25T20:32:39.451178,+917007647892,+917685212470,SMS,0,405840511615817,868203046229242,Jio,BTS-MUM-013,96156,1002,SUCCESS
CDR-SUB-216516,2026-05-25T20:32:31.451178,+919142197428,+917552240168,VOICE,0,405188894312633,353684097338408,Vodafone_Idea,BTS-MUM-011,11892,1002,BUSY
CDR-SUB-941311,2026-05-25T20:45:04.451178,+918671543088,+916959580968,VOICE,290,405840671794059,864382043231049,Jio,BTS-MUM-009,77899,1001,SUCCESS
CDR-SUB-184456,2026-05-25T20:45:05.451178,+919966183441,+918599944473,SMS,0,405459455620689,351657113128674,Airtel,BTS-MUM-002,20960,1000,SUCCESS
CDR-SUB-196349,2026-05-25T20:46:21.451178,+916983872621,+919006057141,VOICE,40,405840834041678,868203045772887,Jio,BTS-MUM-009,77899,1001,SUCCESS
CDR-SUB-998871,2026-05-25T20:58:07.451178,+916214147419,+916734332742,SMS,0,405840503753117,868203044349117,Jio,BTS-MUM-009,77899,1001,SUCCESS
CDR-SUB-963796,2026-05-25T20:47:25.451178,+919142197428,+916010506738,VOICE,67,405188894312633,353684097338408,Vodafone_Idea,BTS-MUM-011,11892,1002,SUCCESS
CDR-SUB-827361,2026-05-25T20:57:22.451178,+916983872621,+919326630684,VOICE,470,405840834041678,868203045772887,Jio,BTS-MUM-009,77899,1001,SUCCESS
CDR-SUB-843690,2026-05-25T20:47:46.451178,+917089106615,+916904522290,SMS,0,405840896588765,868203043119081,Jio,BTS-MUM-005,27194,1000,SUCCESS
CDR-SUB-858277,2026-05-25T20:47:06.451178,+916734332742,+918524173983,VOICE,48,405840687937880,864382046500408,Jio,BTS-MUM-001,78329,1000,SUCCESS
CDR-SUB-952274,2026-05-25T20:57:41.451178,+917972389529,+918401937018,SMS,0,405840906974273,864382047771453,Jio,BTS-MUM-014,28654,1002,SUCCESS
CDR-SUB-556584,2026-05-25T20:56:08.451178,+916979618151,+917228953943,SMS,0,405840553980984,868203045407187,Jio,BTS-MUM-013,96156,1002,SUCCESS
CDR-SUB-843779,2026-05-25T20:47:31.451178,+917868299798,+917664589287,SMS,0,405451239106896,868203047911970,Airtel,BTS-MUM-002,20960,1000,SUCCESS
CDR-SUB-242516,2026-05-25T20:59:40.451178,+919870368390,+918424709401,SMS,0,405840606862667,353684099909248,Jio,BTS-MUM-007,99315,1001,SUCCESS
CDR-SUB-816377,2026-05-25T20:47:53.451178,+919300847500,+917356749250,VOICE,0,405450088374063,868203045926780,Airtel,BTS-MUM-002,20960,1000,NO_ANSWER
CDR-SUB-643333,2026-05-25T21:05:16.451178,+916309679899,+916318903853,VOICE,214,405452267672852,868203047671376,Airtel,BTS-MUM-002,20960,1000,SUCCESS
CDR-SUB-969698,2026-05-25T21:11:48.451178,+917356749250,+918550653630,SMS,0,405459096488600,864382047831455,Airtel,BTS-MUM-002,20960,1000,SUCCESS
CDR-SUB-678925,2026-05-25T21:16:17.451178,+917654890656,+919523414579,SMS,0,405185131440821,353684097141182,Vodafone_Idea,BTS-MUM-012,59908,1002,SUCCESS
CDR-SUB-772752,2026-05-25T21:01:40.451178,+919204600776,+917059599049,VOICE,114,405457573697035,359028096612955,Airtel,BTS-MUM-002,20960,1000,SUCCESS
CDR-SUB-970270,2026-05-25T21:15:33.451178,+917561403846,+919142197428,SMS,0,405072084321586,351657118622929,BSNL,BTS-MUM-010,76457,1001,SUCCESS
CDR-SUB-575825,2026-05-25T21:20:14.451178,+918829871099,+916728175810,SMS,0,405453887910944,359028095091987,Airtel,BTS-MUM-002,20960,1000,SUCCESS
CDR-SUB-494517,2026-05-25T21:24:29.451178,+917914396936,+916554564926,SMS,0,405840527638505,864382044791405,Jio,BTS-MUM-003,97016,1000,SUCCESS
CDR-SUB-489321,2026-05-25T21:24:49.451178,+919326630684,+917514757104,VOICE,0,405188212929855,868203047502647,Vodafone_Idea,BTS-MUM-011,11892,1002,BUSY
CDR-SUB-106107,2026-05-25T21:24:49.451178,+916959580968,+919333709048,SMS,0,405182580077129,864382046097017,Vodafone_Idea,BTS-MUM-011,11892,1002,SUCCESS
CDR-SUB-152556,2026-05-25T21:28:34.451178,+919006057141,+917914396936,VOICE,160,405840530153533,351657110688019,Jio,BTS-MUM-001,78329,1000,SUCCESS
CDR-SUB-982537,2026-05-25T21:21:10.451178,+917356749250,+919094201855,VOICE,141,405459096488600,864382047831455,Airtel,BTS-MUM-002,20960,1000,SUCCESS
CDR-SUB-857973,2026-05-25T21:39:03.451178,+917604216150,+916568406882,SMS,0,405840216035677,868203045583219,Jio,BTS-MUM-013,96156,1002,SUCCESS
CDR-SUB-302209,2026-05-25T21:38:56.451178,+917694107918,+916571540271,SMS,0,405457462396402,868203043351353,Airtel,BTS-MUM-002,20960,1000,SUCCESS
CDR-SUB-832296,2026-05-25T21:43:30.451178,+917228953943,+917021214807,VOICE,115,405450884229353,864382043145512,Airtel,BTS-MUM-002,20960,1000,SUCCESS
CDR-SUB-752164,2026-05-25T21:47:00.451178,+919278515314,+917604216150,SMS,0,405453749736939,864382040026400,Airtel,BTS-MUM-002,20960,1000,SUCCESS
CDR-SUB-856920,2026-05-25T21:48:52.451178,+916571540271,+916026809904,SMS,0,405455940965333,868203047678538,Airtel,BTS-MUM-002,20960,1000,SUCCESS
CDR-SUB-716082,2026-05-25T21:52:21.451178,+917895494009,+916567458343,VOICE,365,405840895048275,353684094441510,Jio,BTS-MUM-006,42896,1001,SUCCESS
CDR-SUB-210546,2026-05-25T21:54:53.451178,+919936351080,+916656933137,SMS,0,405457116215737,864382043445292,Airtel,BTS-MUM-002,20960,1000,SUCCESS
CDR-SUB-640441,2026-05-25T21:51:38.451178,+917551359328,+916196634198,VOICE,145,405840763477166,351657111827806,Jio,BTS-MUM-004,31197,1000,SUCCESS
CDR-SUB-189775,2026-05-25T21:51:19.451178,+917007647892,+916678634340,SMS,0,405840511615817,868203046229242,Jio,BTS-MUM-004,31197,1000,SUCCESS
CDR-SUB-286905,2026-05-25T22:13:31.451178,+919276513825,+917972389529,SMS,0,405840102762415,868203046696192,Jio,BTS-MUM-007,99315,1001,SUCCESS
CDR-SUB-458686,2026-05-25T22:05:45.451178,+919278515314,+917323548258,SMS,0,405453749736939,864382040026400,Airtel,BTS-MUM-002,20960,1000,SUCCESS
CDR-SUB-249549,2026-05-25T22:11:11.451178,+919980189677,+919055580641,VOICE,68,405840707354890,359028096376536,Jio,BTS-MUM-014,28654,1002,SUCCESS
CDR-SUB-218513,2026-05-25T22:02:30.451178,+917514757104,+917654890656,SMS,0,405840659060962,351657114979893,Jio,BTS-MUM-013,96156,1002,SUCCESS
CDR-SUB-643524,2026-05-25T22:11:57.451178,+918829871099,+916026809904,SMS,0,405453887910944,359028095091987,Airtel,BTS-MUM-002,20960,1000,SUCCESS
CDR-SUB-508121,2026-05-25T22:20:45.451178,+917007647892,+919977738198,SMS,0,405840511615817,868203046229242,Jio,BTS-MUM-013,96156,1002,SUCCESS
CDR-SUB-526696,2026-05-25T22:24:42.451178,+917819615715,+916571540271,SMS,0,405185670254691,359028093797973,Vodafone_Idea,BTS-MUM-012,59908,1002,SUCCESS
CDR-SUB-282963,2026-05-25T22:23:08.451178,+919069273877,+918221902139,VOICE,0,405456235986950,351657118512260,Airtel,BTS-MUM-002,20960,1000,BUSY
CDR-SUB-191216,2026-05-25T22:29:36.451178,+916833418890,+917820984601,VOICE,228,405840565392826,864382043461125,Jio,BTS-MUM-006,42896,1001,SUCCESS
CDR-SUB-971371,2026-05-25T22:42:07.451178,+916583026456,+916728175810,VOICE,50,405459844250072,868203043952234,Airtel,BTS-MUM-002,20960,1000,SUCCESS
CDR-SUB-917988,2026-05-25T22:43:33.451178,+918736292116,+919929356932,SMS,0,405840800206875,868203043256107,Jio,BTS-MUM-013,96156,1002,SUCCESS
CDR-SUB-466700,2026-05-25T22:46:03.451178,+918502435585,+916318903853,VOICE,0,405840149114064,359028093548418,Jio,BTS-MUM-004,31197,1000,NO_ANSWER
CDR-SUB-963275,2026-05-25T22:46:33.451178,+917766469204,+916734332742,SMS,0,405840920351816,868203047099917,Jio,BTS-MUM-010,76457,1001,SUCCESS
CDR-SUB-699188,2026-05-25T22:38:43.451178,+917694107918,+919142197428,SMS,0,405457462396402,868203043351353,Airtel,BTS-MUM-002,20960,1000,SUCCESS
CDR-SUB-139940,2026-05-25T22:46:46.451178,+916010506738,+918245244001,VOICE,216,405184288056513,868203040853500,Vodafone_Idea,BTS-MUM-008,68203,1001,SUCCESS
CDR-SUB-736935,2026-05-25T22:55:19.451178,+919204600776,+916678634340,SMS,0,405457573697035,359028096612955,Airtel,BTS-MUM-002,20960,1000,SUCCESS
CDR-SUB-801900,2026-05-25T23:01:30.451178,+917552240168,+918642275680,SMS,0,405450791993506,351657117252587,Airtel,BTS-MUM-002,20960,1000,SUCCESS
CDR-SUB-421137,2026-05-25T22:55:28.451178,+917228953943,+916364937963,VOICE,105,405450884229353,864382043145512,Airtel,BTS-MUM-002,20960,1000,SUCCESS
CDR-SUB-536480,2026-05-25T22:46:55.451178,+916833418890,+919069273877,SMS,0,405840565392826,864382043461125,Jio,BTS-MUM-006,42896,1001,SUCCESS
CDR-SUB-445522,2026-05-25T22:55:12.451178,+919528192376,+916678634340,SMS,0,405840195779499,351657114271523,Jio,BTS-MUM-003,97016,1000,SUCCESS
CDR-SUB-528648,2026-05-25T22:56:25.451178,+918747563560,+917021214807,SMS,0,405454757586291,868203041011512,Airtel,BTS-MUM-002,20960,1000,SUCCESS
CDR-SUB-694278,2026-05-25T23:14:15.451178,+918736292116,+916510912543,SMS,0,405840800206875,868203043256107,Jio,BTS-MUM-013,96156,1002,SUCCESS
CDR-SUB-876702,2026-05-25T23:22:01.451178,+919523414579,+919300847500,SMS,0,405188005874184,359028094979398,Vodafone_Idea,BTS-MUM-012,59908,1002,SUCCESS
